FoodProductId,invoice_date,qty_received
1,2023-01-02,65
26,2023-01-02,91
27,2023-01-02,69
10,2023-01-02,102
3,2023-01-02,50
22,2023-01-02,78
6,2023-01-02,146
12,2023-01-02,69
9,2023-01-02,46
7,2023-01-02,77
13,2023-01-02,131
24,2023-01-02,85
14,2023-01-02,127
23,2023-01-02,63
20,2023-01-02,68
8,2023-01-02,60
4,2023-01-02,89
25,2023-01-02,69
18,2023-01-02,62
15,2023-01-02,101
11,2023-01-02,73
2,2023-01-02,104
19,2023-01-02,88
18,2023-01-09,76
5,2023-01-09,45
14,2023-01-09,126
6,2023-01-09,164
25,2023-01-09,70
20,2023-01-09,74
24,2023-01-09,82
11,2023-01-09,105
4,2023-01-09,74
12,2023-01-09,71
19,2023-01-09,72
21,2023-01-09,52
17,2023-01-09,105
1,2023-01-09,68
10,2023-01-09,86
22,2023-01-09,86
2,2023-01-09,75
8,2023-01-09,79
9,2023-01-09,52
28,2023-01-09,51
7,2023-01-09,76
23,2023-01-09,79
2,2023-01-16,82
5,2023-01-16,37
8,2023-01-16,63
18,2023-01-16,59
19,2023-01-16,89
25,2023-01-16,58
23,2023-01-16,72
1,2023-01-16,70
27,2023-01-16,74
15,2023-01-16,106
14,2023-01-16,160
11,2023-01-16,102
12,2023-01-16,66
10,2023-01-16,108
24,2023-01-16,111
6,2023-01-16,150
9,2023-01-16,50
26,2023-01-16,91
28,2023-01-16,49
13,2023-01-16,133
7,2023-01-16,81
20,2023-01-16,73
20,2023-01-23,70
3,2023-01-23,48
21,2023-01-23,56
18,2023-01-23,73
23,2023-01-23,82
26,2023-01-23,107
19,2023-01-23,96
17,2023-01-23,89
2,2023-01-23,81
22,2023-01-23,87
15,2023-01-23,104
13,2023-01-23,142
16,2023-01-23,119
27,2023-01-23,100
7,2023-01-23,89
1,2023-01-23,70
9,2023-01-23,59
6,2023-01-23,133
10,2023-01-23,111
8,2023-01-23,57
12,2023-01-23,64
5,2023-01-23,51
14,2023-01-23,151
28,2023-01-23,48
6,2023-01-30,151
16,2023-01-30,162
10,2023-01-30,94
2,2023-01-30,93
9,2023-01-30,53
21,2023-01-30,60
11,2023-01-30,97
20,2023-01-30,81
24,2023-01-30,81
23,2023-01-30,73
17,2023-01-30,102
4,2023-01-30,78
27,2023-01-30,74
1,2023-01-30,63
25,2023-01-30,70
12,2023-01-30,75
22,2023-01-30,83
8,2023-01-30,75
5,2023-01-30,36
14,2023-01-30,140
13,2023-01-30,125
7,2023-01-30,74
18,2023-01-30,74
2,2023-02-06,87
8,2023-02-06,58
7,2023-02-06,89
28,2023-02-06,49
16,2023-02-06,109
21,2023-02-06,65
9,2023-02-06,52
10,2023-02-06,90
11,2023-02-06,90
12,2023-02-06,53
13,2023-02-06,126
18,2023-02-06,49
15,2023-02-06,110
27,2023-02-06,78
4,2023-02-06,71
22,2023-02-06,92
23,2023-02-06,63
17,2023-02-06,92
24,2023-02-06,58
26,2023-02-06,83
1,2023-02-06,66
12,2023-02-13,57
8,2023-02-13,70
26,2023-02-13,107
5,2023-02-13,43
28,2023-02-13,50
22,2023-02-13,85
7,2023-02-13,73
27,2023-02-13,88
9,2023-02-13,50
18,2023-02-13,61
21,2023-02-13,71
1,2023-02-13,61
16,2023-02-13,103
24,2023-02-13,82
3,2023-02-13,51
11,2023-02-13,85
15,2023-02-13,101
17,2023-02-13,81
19,2023-02-13,59
14,2023-02-13,114
25,2023-02-13,64
10,2023-02-13,90
23,2023-02-13,69
2,2023-02-13,94
1,2023-02-20,64
7,2023-02-20,86
27,2023-02-20,80
21,2023-02-20,51
26,2023-02-20,86
15,2023-02-20,89
23,2023-02-20,63
24,2023-02-20,94
2,2023-02-20,94
28,2023-02-20,47
11,2023-02-20,89
20,2023-02-20,76
5,2023-02-20,51
25,2023-02-20,61
19,2023-02-20,63
6,2023-02-20,109
12,2023-02-20,54
13,2023-02-20,131
18,2023-02-20,54
17,2023-02-20,73
14,2023-02-20,126
24,2023-02-27,69
22,2023-02-27,87
7,2023-02-27,79
13,2023-02-27,115
27,2023-02-27,76
5,2023-02-27,41
9,2023-02-27,54
18,2023-02-27,61
14,2023-02-27,117
12,2023-02-27,53
16,2023-02-27,109
10,2023-02-27,101
23,2023-02-27,75
3,2023-02-27,52
19,2023-02-27,67
17,2023-02-27,75
11,2023-02-27,86
15,2023-02-27,115
2,2023-02-27,92
4,2023-02-27,77
25,2023-02-27,59
1,2023-02-27,76
26,2023-02-27,98
8,2023-02-27,77
11,2023-03-06,88
24,2023-03-06,79
17,2023-03-06,68
1,2023-03-06,77
19,2023-03-06,44
23,2023-03-06,74
6,2023-03-06,112
9,2023-03-06,48
10,2023-03-06,121
25,2023-03-06,53
18,2023-03-06,44
21,2023-03-06,76
5,2023-03-06,52
15,2023-03-06,94
4,2023-03-06,80
26,2023-03-06,108
7,2023-03-06,75
8,2023-03-13,53
7,2023-03-13,61
1,2023-03-13,64
5,2023-03-13,54
3,2023-03-13,55
26,2023-03-13,96
23,2023-03-13,73
27,2023-03-13,84
16,2023-03-13,101
22,2023-03-13,99
14,2023-03-13,98
25,2023-03-13,75
4,2023-03-13,75
13,2023-03-13,114
2,2023-03-13,99
18,2023-03-13,46
28,2023-03-13,46
12,2023-03-13,65
6,2023-03-13,117
9,2023-03-13,39
20,2023-03-13,66
24,2023-03-13,86
17,2023-03-20,64
28,2023-03-20,54
4,2023-03-20,79
13,2023-03-20,108
5,2023-03-20,56
21,2023-03-20,57
24,2023-03-20,72
2,2023-03-20,117
8,2023-03-20,49
16,2023-03-20,94
23,2023-03-20,63
18,2023-03-20,53
20,2023-03-20,88
14,2023-03-20,102
12,2023-03-20,53
10,2023-03-20,93
19,2023-03-20,56
11,2023-03-20,75
3,2023-03-20,67
15,2023-03-20,73
26,2023-03-20,94
1,2023-03-20,63
22,2023-03-20,86
7,2023-03-20,63
9,2023-03-20,56
9,2023-03-27,49
10,2023-03-27,93
7,2023-03-27,66
3,2023-03-27,56
16,2023-03-27,94
27,2023-03-27,81
20,2023-03-27,86
22,2023-03-27,104
28,2023-03-27,54
24,2023-03-27,80
17,2023-03-27,54
19,2023-03-27,68
6,2023-03-27,119
1,2023-03-27,67
14,2023-03-27,121
18,2023-03-27,43
2,2023-03-27,100
25,2023-03-27,74
13,2023-03-27,114
4,2023-03-27,100
23,2023-03-27,69
15,2023-03-27,82
11,2023-03-27,76
26,2023-03-27,109
8,2023-03-27,58
5,2023-03-27,39
21,2023-03-27,61
13,2023-04-03,121
15,2023-04-03,78
11,2023-04-03,94
20,2023-04-03,89
27,2023-04-03,72
21,2023-04-03,90
28,2023-04-03,59
2,2023-04-03,117
17,2023-04-03,68
19,2023-04-03,62
18,2023-04-03,61
23,2023-04-03,79
6,2023-04-03,114
1,2023-04-03,78
12,2023-04-03,60
4,2023-04-03,86
9,2023-04-03,38
5,2023-04-03,56
26,2023-04-03,100
16,2023-04-03,86
8,2023-04-03,71
7,2023-04-03,80
10,2023-04-03,110
3,2023-04-03,66
7,2023-04-10,71
22,2023-04-10,124
15,2023-04-10,70
27,2023-04-10,98
21,2023-04-10,89
5,2023-04-10,53
17,2023-04-10,64
10,2023-04-10,122
19,2023-04-10,56
24,2023-04-10,93
18,2023-04-10,44
6,2023-04-10,99
23,2023-04-10,72
2,2023-04-10,126
26,2023-04-10,101
12,2023-04-10,66
1,2023-04-10,65
20,2023-04-10,82
14,2023-04-10,86
16,2023-04-10,92
11,2023-04-10,90
4,2023-04-10,81
8,2023-04-10,72
9,2023-04-10,40
25,2023-04-10,66
13,2023-04-10,95
15,2023-04-17,73
17,2023-04-17,70
19,2023-04-17,51
21,2023-04-17,80
26,2023-04-17,117
5,2023-04-17,50
6,2023-04-17,123
24,2023-04-17,83
11,2023-04-17,88
1,2023-04-17,88
18,2023-04-17,49
2,2023-04-17,111
16,2023-04-17,90
13,2023-04-17,108
27,2023-04-17,101
8,2023-04-17,49
23,2023-04-17,68
20,2023-04-17,95
4,2023-04-17,97
28,2023-04-17,66
7,2023-04-17,72
12,2023-04-17,71
25,2023-04-17,57
22,2023-04-17,110
14,2023-04-17,92
12,2023-04-24,75
24,2023-04-24,98
28,2023-04-24,59
22,2023-04-24,95
18,2023-04-24,57
1,2023-04-24,63
8,2023-04-24,71
2,2023-04-24,108
16,2023-04-24,81
21,2023-04-24,85
5,2023-04-24,46
20,2023-04-24,90
13,2023-04-24,105
11,2023-04-24,89
6,2023-04-24,97
9,2023-04-24,48
4,2023-04-24,90
15,2023-04-24,83
3,2023-04-24,63
26,2023-04-24,116
14,2023-04-24,105
10,2023-04-24,108
7,2023-04-24,70
27,2023-04-24,77
25,2023-04-24,74
19,2023-04-24,53
12,2023-05-01,73
18,2023-05-01,61
13,2023-05-01,97
4,2023-05-01,106
8,2023-05-01,64
25,2023-05-01,67
19,2023-05-01,73
21,2023-05-01,84
1,2023-05-01,80
22,2023-05-01,98
5,2023-05-01,61
11,2023-05-01,86
14,2023-05-01,100
9,2023-05-01,50
20,2023-05-01,110
17,2023-05-01,83
16,2023-05-01,90
6,2023-05-01,126
27,2023-05-01,100
7,2023-05-01,71
24,2023-05-01,79
3,2023-05-01,77
28,2023-05-01,64
2,2023-05-01,127
16,2023-05-08,86
7,2023-05-08,82
9,2023-05-08,53
17,2023-05-08,92
3,2023-05-08,77
5,2023-05-08,56
20,2023-05-08,124
10,2023-05-08,106
28,2023-05-08,61
12,2023-05-08,57
13,2023-05-08,132
21,2023-05-08,89
1,2023-05-08,94
18,2023-05-08,51
2,2023-05-08,120
27,2023-05-08,121
11,2023-05-08,94
23,2023-05-08,84
24,2023-05-08,100
4,2023-05-08,133
15,2023-05-08,68
6,2023-05-08,120
26,2023-05-08,125
19,2023-05-08,56
27,2023-05-15,99
4,2023-05-15,124
25,2023-05-15,75
13,2023-05-15,104
5,2023-05-15,70
14,2023-05-15,113
16,2023-05-15,95
15,2023-05-15,73
23,2023-05-15,76
21,2023-05-15,84
11,2023-05-15,93
20,2023-05-15,102
19,2023-05-15,66
18,2023-05-15,59
24,2023-05-15,99
17,2023-05-15,78
10,2023-05-15,120
9,2023-05-15,50
1,2023-05-15,101
7,2023-05-15,76
6,2023-05-15,132
26,2023-05-15,84
28,2023-05-15,62
2,2023-05-15,134
22,2023-05-15,109
28,2023-05-22,61
14,2023-05-22,103
5,2023-05-22,52
20,2023-05-22,84
16,2023-05-22,93
2,2023-05-22,124
23,2023-05-22,83
7,2023-05-22,77
26,2023-05-22,105
3,2023-05-22,75
9,2023-05-22,56
27,2023-05-22,118
6,2023-05-22,134
21,2023-05-22,67
1,2023-05-22,86
8,2023-05-22,70
22,2023-05-22,115
10,2023-05-22,114
17,2023-05-22,66
11,2023-05-22,99
12,2023-05-22,77
18,2023-05-22,53
24,2023-05-22,85
4,2023-05-22,106
13,2023-05-22,113
19,2023-05-22,66
6,2023-05-29,154
15,2023-05-29,77
10,2023-05-29,101
8,2023-05-29,77
25,2023-05-29,54
13,2023-05-29,107
12,2023-05-29,74
16,2023-05-29,92
27,2023-05-29,112
4,2023-05-29,98
22,2023-05-29,133
7,2023-05-29,78
26,2023-05-29,127
21,2023-05-29,107
2,2023-05-29,100
24,2023-05-29,86
17,2023-05-29,70
14,2023-05-29,101
5,2023-05-29,56
11,2023-05-29,98
20,2023-05-29,103
23,2023-05-29,78
18,2023-05-29,57
23,2023-06-05,77
7,2023-06-05,82
11,2023-06-05,86
21,2023-06-05,100
4,2023-06-05,132
27,2023-06-05,113
19,2023-06-05,79
28,2023-06-05,86
12,2023-06-05,54
14,2023-06-05,81
16,2023-06-05,66
15,2023-06-05,50
20,2023-06-05,141
18,2023-06-05,70
10,2023-06-05,96
5,2023-06-05,77
24,2023-06-05,79
13,2023-06-05,103
8,2023-06-05,59
17,2023-06-05,81
2,2023-06-05,115
9,2023-06-05,62
25,2023-06-05,77
3,2023-06-05,95
27,2023-06-12,113
15,2023-06-12,74
28,2023-06-12,75
23,2023-06-12,71
12,2023-06-12,58
17,2023-06-12,100
21,2023-06-12,134
10,2023-06-12,76
20,2023-06-12,150
18,2023-06-12,70
16,2023-06-12,74
8,2023-06-12,55
3,2023-06-12,93
11,2023-06-12,91
5,2023-06-12,72
9,2023-06-12,55
19,2023-06-12,90
1,2023-06-12,112
24,2023-06-12,90
4,2023-06-12,122
7,2023-06-12,79
6,2023-06-12,138
14,2023-06-12,77
28,2023-06-19,67
6,2023-06-19,145
11,2023-06-19,84
8,2023-06-19,67
9,2023-06-19,51
12,2023-06-19,45
13,2023-06-19,79
1,2023-06-19,112
7,2023-06-19,84
25,2023-06-19,70
10,2023-06-19,78
15,2023-06-19,77
19,2023-06-19,85
22,2023-06-19,170
21,2023-06-19,146
3,2023-06-19,93
16,2023-06-19,86
26,2023-06-19,139
4,2023-06-19,120
2,2023-06-19,165
23,2023-06-19,85
20,2023-06-19,104
17,2023-06-19,94
11,2023-06-26,78
1,2023-06-26,95
5,2023-06-26,76
9,2023-06-26,51
19,2023-06-26,86
8,2023-06-26,59
18,2023-06-26,61
3,2023-06-26,98
16,2023-06-26,78
6,2023-06-26,122
13,2023-06-26,107
26,2023-06-26,160
4,2023-06-26,114
27,2023-06-26,114
7,2023-06-26,72
24,2023-06-26,101
2,2023-06-26,122
15,2023-06-26,63
17,2023-06-26,92
25,2023-06-26,65
28,2023-06-26,78
20,2023-06-26,118
23,2023-06-26,79
12,2023-06-26,63
19,2023-07-03,101
12,2023-07-03,63
1,2023-07-03,112
21,2023-07-03,113
18,2023-07-03,68
25,2023-07-03,69
13,2023-07-03,90
17,2023-07-03,100
11,2023-07-03,77
4,2023-07-03,171
22,2023-07-03,153
24,2023-07-03,88
6,2023-07-03,163
15,2023-07-03,57
27,2023-07-03,113
2,2023-07-03,156
26,2023-07-03,142
16,2023-07-03,63
5,2023-07-03,66
8,2023-07-03,73
28,2023-07-03,71
23,2023-07-03,87
27,2023-07-10,113
5,2023-07-10,92
8,2023-07-10,75
12,2023-07-10,67
11,2023-07-10,54
9,2023-07-10,43
21,2023-07-10,113
23,2023-07-10,77
16,2023-07-10,76
3,2023-07-10,84
10,2023-07-10,81
17,2023-07-10,112
4,2023-07-10,147
2,2023-07-10,176
25,2023-07-10,71
20,2023-07-10,154
24,2023-07-10,102
15,2023-07-10,65
1,2023-07-10,123
6,2023-07-10,131
14,2023-07-10,88
7,2023-07-10,76
26,2023-07-10,170
22,2023-07-10,152
26,2023-07-17,115
3,2023-07-17,98
23,2023-07-17,71
10,2023-07-17,85
13,2023-07-17,106
22,2023-07-17,147
7,2023-07-17,79
19,2023-07-17,94
17,2023-07-17,100
20,2023-07-17,165
9,2023-07-17,48
12,2023-07-17,64
25,2023-07-17,59
1,2023-07-17,104
2,2023-07-17,149
14,2023-07-17,80
8,2023-07-17,55
27,2023-07-17,142
18,2023-07-17,78
28,2023-07-17,57
23,2023-07-24,76
19,2023-07-24,114
11,2023-07-24,57
28,2023-07-24,77
27,2023-07-24,146
15,2023-07-24,65
25,2023-07-24,67
18,2023-07-24,84
12,2023-07-24,57
6,2023-07-24,121
4,2023-07-24,124
2,2023-07-24,148
1,2023-07-24,115
21,2023-07-24,118
5,2023-07-24,83
14,2023-07-24,93
9,2023-07-24,59
16,2023-07-24,79
3,2023-07-24,98
20,2023-07-24,136
8,2023-07-24,59
13,2023-07-24,99
22,2023-07-24,182
26,2023-07-24,149
24,2023-07-24,77
26,2023-07-31,177
18,2023-07-31,80
15,2023-07-31,72
14,2023-07-31,79
19,2023-07-31,105
8,2023-07-31,69
6,2023-07-31,139
21,2023-07-31,141
11,2023-07-31,66
25,2023-07-31,71
24,2023-07-31,94
9,2023-07-31,58
12,2023-07-31,40
2,2023-07-31,151
23,2023-07-31,75
13,2023-07-31,96
17,2023-07-31,108
20,2023-07-31,160
10,2023-07-31,97
3,2023-07-31,105
4,2023-07-31,168
27,2023-07-31,162
1,2023-07-31,122
22,2023-07-31,143
10,2023-08-07,96
21,2023-08-07,138
9,2023-08-07,52
3,2023-08-07,99
6,2023-08-07,136
19,2023-08-07,65
22,2023-08-07,148
1,2023-08-07,92
2,2023-08-07,158
8,2023-08-07,65
7,2023-08-07,87
20,2023-08-07,141
11,2023-08-07,84
4,2023-08-07,111
16,2023-08-07,84
15,2023-08-07,67
5,2023-08-07,67
27,2023-08-07,147
18,2023-08-07,81
17,2023-08-07,106
24,2023-08-07,141
13,2023-08-07,110
20,2023-08-14,119
23,2023-08-14,93
8,2023-08-14,61
6,2023-08-14,151
10,2023-08-14,95
2,2023-08-14,163
5,2023-08-14,69
11,2023-08-14,96
3,2023-08-14,86
13,2023-08-14,118
17,2023-08-14,108
19,2023-08-14,109
4,2023-08-14,121
14,2023-08-14,104
15,2023-08-14,66
27,2023-08-14,80
21,2023-08-14,97
25,2023-08-14,78
28,2023-08-14,86
7,2023-08-14,87
24,2023-08-14,91
9,2023-08-14,40
13,2023-08-21,99
8,2023-08-21,58
9,2023-08-21,52
5,2023-08-21,85
21,2023-08-21,102
10,2023-08-21,95
4,2023-08-21,124
1,2023-08-21,112
16,2023-08-21,88
3,2023-08-21,87
14,2023-08-21,94
26,2023-08-21,157
22,2023-08-21,154
23,2023-08-21,93
28,2023-08-21,80
18,2023-08-21,68
17,2023-08-21,86
27,2023-08-21,114
12,2023-08-21,56
25,2023-08-21,70
11,2023-08-21,89
6,2023-08-21,131
12,2023-08-28,60
25,2023-08-28,87
16,2023-08-28,106
22,2023-08-28,149
2,2023-08-28,142
10,2023-08-28,85
9,2023-08-28,46
13,2023-08-28,89
4,2023-08-28,141
11,2023-08-28,96
1,2023-08-28,104
6,2023-08-28,163
5,2023-08-28,57
8,2023-08-28,75
23,2023-08-28,111
19,2023-08-28,94
17,2023-08-28,95
3,2023-08-28,58
27,2023-08-28,127
26,2023-08-28,133
14,2023-08-28,97
21,2023-08-28,100
24,2023-08-28,121
7,2023-08-28,72
28,2023-08-28,69
20,2023-09-04,118
1,2023-09-04,98
14,2023-09-04,110
28,2023-09-04,61
7,2023-09-04,100
21,2023-09-04,86
22,2023-09-04,106
9,2023-09-04,50
18,2023-09-04,50
15,2023-09-04,68
27,2023-09-04,104
8,2023-09-04,71
5,2023-09-04,67
23,2023-09-04,107
4,2023-09-04,122
12,2023-09-04,70
26,2023-09-04,121
2,2023-09-04,137
17,2023-09-04,83
10,2023-09-04,107
3,2023-09-04,91
6,2023-09-04,144
11,2023-09-04,105
24,2023-09-04,145
5,2023-09-11,62
7,2023-09-11,91
3,2023-09-11,79
18,2023-09-11,54
24,2023-09-11,125
21,2023-09-11,91
23,2023-09-11,104
28,2023-09-11,61
2,2023-09-11,135
14,2023-09-11,124
11,2023-09-11,105
19,2023-09-11,69
16,2023-09-11,98
4,2023-09-11,116
8,2023-09-11,59
22,2023-09-11,130
17,2023-09-11,73
15,2023-09-11,74
26,2023-09-11,114
13,2023-09-11,118
1,2023-09-11,103
20,2023-09-11,107
10,2023-09-11,115
9,2023-09-11,54
25,2023-09-11,103
17,2023-09-18,66
13,2023-09-18,143
19,2023-09-18,74
2,2023-09-18,115
15,2023-09-18,95
28,2023-09-18,54
23,2023-09-18,84
11,2023-09-18,107
8,2023-09-18,73
12,2023-09-18,72
21,2023-09-18,105
26,2023-09-18,109
6,2023-09-18,129
4,2023-09-18,115
24,2023-09-18,116
27,2023-09-18,100
1,2023-09-18,88
3,2023-09-18,97
20,2023-09-18,114
10,2023-09-18,85
18,2023-09-18,51
9,2023-09-18,46
22,2023-09-18,117
25,2023-09-18,79
5,2023-09-18,76
7,2023-09-18,85
23,2023-09-25,105
5,2023-09-25,72
27,2023-09-25,110
22,2023-09-25,110
14,2023-09-25,101
24,2023-09-25,128
8,2023-09-25,61
11,2023-09-25,76
10,2023-09-25,119
12,2023-09-25,50
1,2023-09-25,90
19,2023-09-25,54
26,2023-09-25,126
6,2023-09-25,126
17,2023-09-25,91
20,2023-09-25,96
16,2023-09-25,91
28,2023-09-25,63
21,2023-09-25,90
4,2023-09-25,106
18,2023-09-25,51
9,2023-09-25,55
25,2023-09-25,87
13,2023-09-25,126
3,2023-09-25,91
1,2023-10-02,86
12,2023-10-02,70
10,2023-10-02,107
19,2023-10-02,63
3,2023-10-02,61
2,2023-10-02,122
13,2023-10-02,139
6,2023-10-02,133
24,2023-10-02,89
15,2023-10-02,84
17,2023-10-02,62
18,2023-10-02,46
25,2023-10-02,75
22,2023-10-02,81
27,2023-10-02,90
26,2023-10-02,107
5,2023-10-02,57
21,2023-10-02,70
9,2023-10-02,52
4,2023-10-02,105
20,2023-10-02,106
14,2023-10-02,101
7,2023-10-02,84
28,2023-10-02,58
8,2023-10-02,75
11,2023-10-02,99
23,2023-10-02,102
16,2023-10-02,119
5,2023-10-09,63
16,2023-10-09,92
6,2023-10-09,148
14,2023-10-09,123
9,2023-10-09,42
15,2023-10-09,77
17,2023-10-09,66
18,2023-10-09,49
21,2023-10-09,61
25,2023-10-09,71
26,2023-10-09,110
24,2023-10-09,99
28,2023-10-09,61
19,2023-10-09,57
10,2023-10-09,102
27,2023-10-09,98
13,2023-10-09,170
7,2023-10-09,80
2,2023-10-09,120
1,2023-10-09,88
20,2023-10-09,91
3,2023-10-09,83
4,2023-10-09,108
22,2023-10-09,121
23,2023-10-16,89
8,2023-10-16,73
21,2023-10-16,74
16,2023-10-16,112
25,2023-10-16,80
27,2023-10-16,93
12,2023-10-16,69
11,2023-10-16,101
17,2023-10-16,53
14,2023-10-16,118
10,2023-10-16,127
20,2023-10-16,102
15,2023-10-16,88
24,2023-10-16,112
22,2023-10-16,80
18,2023-10-16,53
19,2023-10-16,58
13,2023-10-16,142
6,2023-10-16,136
1,2023-10-16,89
2,2023-10-16,122
3,2023-10-16,74
4,2023-10-16,110
5,2023-10-16,66
28,2023-10-16,63
7,2023-10-16,69
9,2023-10-23,48
12,2023-10-23,58
28,2023-10-23,48
19,2023-10-23,58
21,2023-10-23,90
24,2023-10-23,98
4,2023-10-23,99
26,2023-10-23,143
13,2023-10-23,134
22,2023-10-23,94
18,2023-10-23,53
1,2023-10-23,103
25,2023-10-23,79
7,2023-10-23,71
11,2023-10-23,77
15,2023-10-23,83
27,2023-10-23,90
14,2023-10-23,92
6,2023-10-23,127
10,2023-10-23,122
8,2023-10-23,61
5,2023-10-23,57
3,2023-10-23,83
20,2023-10-23,75
10,2023-10-30,114
1,2023-10-30,84
17,2023-10-30,82
23,2023-10-30,61
11,2023-10-30,96
9,2023-10-30,43
6,2023-10-30,134
20,2023-10-30,102
25,2023-10-30,70
18,2023-10-30,53
2,2023-10-30,123
22,2023-10-30,103
26,2023-10-30,121
13,2023-10-30,132
12,2023-10-30,69
16,2023-10-30,119
15,2023-10-30,78
19,2023-10-30,56
5,2023-10-30,63
14,2023-10-30,109
3,2023-10-30,78
24,2023-10-30,87
7,2023-10-30,75
8,2023-10-30,62
21,2023-10-30,70
19,2023-11-06,72
12,2023-11-06,83
17,2023-11-06,71
20,2023-11-06,83
26,2023-11-06,121
4,2023-11-06,83
8,2023-11-06,78
18,2023-11-06,75
1,2023-11-06,78
15,2023-11-06,107
22,2023-11-06,97
27,2023-11-06,128
6,2023-11-06,146
24,2023-11-06,122
16,2023-11-06,108
11,2023-11-06,113
14,2023-11-06,123
28,2023-11-06,54
21,2023-11-06,68
3,2023-11-06,64
10,2023-11-06,142
13,2023-11-06,148
7,2023-11-06,80
2,2023-11-06,95
23,2023-11-06,96
22,2023-11-13,83
20,2023-11-13,73
25,2023-11-13,72
9,2023-11-13,49
27,2023-11-13,106
26,2023-11-13,134
24,2023-11-13,113
1,2023-11-13,76
5,2023-11-13,43
3,2023-11-13,69
7,2023-11-13,97
18,2023-11-13,63
4,2023-11-13,74
12,2023-11-13,78
14,2023-11-13,135
19,2023-11-13,85
28,2023-11-13,67
17,2023-11-13,90
11,2023-11-13,126
2,2023-11-13,106
8,2023-11-13,76
13,2023-11-13,175
15,2023-11-13,90
23,2023-11-13,103
10,2023-11-13,124
16,2023-11-13,124
21,2023-11-13,73
10,2023-11-20,146
14,2023-11-20,134
7,2023-11-20,79
8,2023-11-20,73
1,2023-11-20,71
25,2023-11-20,84
18,2023-11-20,58
2,2023-11-20,105
21,2023-11-20,72
11,2023-11-20,109
12,2023-11-20,79
20,2023-11-20,80
13,2023-11-20,157
17,2023-11-20,94
16,2023-11-20,117
22,2023-11-20,89
5,2023-11-20,52
27,2023-11-20,108
6,2023-11-20,161
28,2023-11-20,68
24,2023-11-20,110
2,2023-11-27,107
27,2023-11-27,113
18,2023-11-27,59
25,2023-11-27,68
15,2023-11-27,114
28,2023-11-27,70
1,2023-11-27,68
3,2023-11-27,65
5,2023-11-27,56
21,2023-11-27,64
16,2023-11-27,118
14,2023-11-27,116
13,2023-11-27,157
12,2023-11-27,77
24,2023-11-27,121
11,2023-11-27,102
23,2023-11-27,87
22,2023-11-27,73
17,2023-11-27,98
26,2023-11-27,128
8,2023-11-27,80
7,2023-11-27,71
10,2023-11-27,148
4,2023-11-27,85
19,2023-11-27,71
20,2023-11-27,77
13,2023-12-04,191
10,2023-12-04,213
4,2023-12-04,79
24,2023-12-04,136
20,2023-12-04,105
16,2023-12-04,129
22,2023-12-04,88
5,2023-12-04,53
14,2023-12-04,154
17,2023-12-04,81
11,2023-12-04,133
26,2023-12-04,125
21,2023-12-04,79
15,2023-12-04,125
1,2023-12-04,73
8,2023-12-04,78
18,2023-12-04,76
9,2023-12-04,62
3,2023-12-04,50
2,2023-12-04,109
27,2023-12-04,134
6,2023-12-04,145
25,2023-12-04,85
12,2023-12-04,105
3,2023-12-11,58
9,2023-12-11,57
16,2023-12-11,106
12,2023-12-11,89
14,2023-12-11,147
13,2023-12-11,136
22,2023-12-11,98
5,2023-12-11,45
6,2023-12-11,145
2,2023-12-11,85
7,2023-12-11,94
20,2023-12-11,106
1,2023-12-11,69
27,2023-12-11,110
11,2023-12-11,130
19,2023-12-11,86
4,2023-12-11,77
17,2023-12-11,97
18,2023-12-11,64
24,2023-12-11,124
15,2023-12-11,128
21,2023-12-11,64
8,2023-12-11,90
10,2023-12-11,167
23,2023-12-11,87
25,2023-12-11,82
8,2023-12-18,79
16,2023-12-18,155
20,2023-12-18,94
24,2023-12-18,116
6,2023-12-18,165
5,2023-12-18,39
9,2023-12-18,59
27,2023-12-18,114
14,2023-12-18,137
21,2023-12-18,67
10,2023-12-18,187
3,2023-12-18,46
1,2023-12-18,76
23,2023-12-18,99
17,2023-12-18,79
25,2023-12-18,91
4,2023-12-18,68
19,2023-12-18,88
12,2023-12-18,94
22,2023-12-18,114
28,2023-12-18,73
26,2023-12-18,146
2,2023-12-18,74
14,2023-12-25,136
6,2023-12-25,162
13,2023-12-25,145
24,2023-12-25,156
27,2023-12-25,137
17,2023-12-25,100
3,2023-12-25,44
19,2023-12-25,87
26,2023-12-25,154
15,2023-12-25,137
20,2023-12-25,81
10,2023-12-25,136
1,2023-12-25,65
23,2023-12-25,104
21,2023-12-25,85
16,2023-12-25,129
4,2023-12-25,97
5,2023-12-25,45
22,2023-12-25,94
8,2023-12-25,81
28,2023-12-25,74
25,2023-12-25,73
2,2023-12-25,98
17,2024-01-01,101
19,2024-01-01,82
10,2024-01-01,105
6,2024-01-01,122
16,2024-01-01,98
28,2024-01-01,56
26,2024-01-01,126
21,2024-01-01,68
11,2024-01-01,101
15,2024-01-01,139
27,2024-01-01,84
7,2024-01-01,80
8,2024-01-01,82
3,2024-01-01,56
13,2024-01-01,144
12,2024-01-01,76
24,2024-01-01,85
14,2024-01-01,116
9,2024-01-01,58
5,2024-01-01,45
1,2024-01-01,75
22,2024-01-01,70
4,2024-01-01,83
28,2024-01-08,51
22,2024-01-08,85
11,2024-01-08,79
23,2024-01-08,71
2,2024-01-08,92
3,2024-01-08,51
10,2024-01-08,102
12,2024-01-08,65
18,2024-01-08,69
24,2024-01-08,94
13,2024-01-08,184
19,2024-01-08,69
4,2024-01-08,75
15,2024-01-08,136
16,2024-01-08,89
20,2024-01-08,88
14,2024-01-08,117
26,2024-01-08,101
1,2024-01-08,72
8,2024-01-08,85
27,2024-01-08,73
5,2024-01-08,44
21,2024-01-08,63
17,2024-01-08,107
13,2024-01-15,157
26,2024-01-15,97
5,2024-01-15,49
7,2024-01-15,87
19,2024-01-15,69
9,2024-01-15,51
1,2024-01-15,70
18,2024-01-15,66
25,2024-01-15,64
2,2024-01-15,108
4,2024-01-15,93
15,2024-01-15,91
21,2024-01-15,51
24,2024-01-15,109
11,2024-01-15,96
20,2024-01-15,75
28,2024-01-15,50
10,2024-01-15,104
6,2024-01-15,165
17,2024-01-15,96
27,2024-01-15,93
16,2024-01-15,120
20,2024-01-22,82
28,2024-01-22,56
2,2024-01-22,102
18,2024-01-22,76
25,2024-01-22,64
6,2024-01-22,170
23,2024-01-22,67
4,2024-01-22,75
10,2024-01-22,131
15,2024-01-22,94
3,2024-01-22,61
12,2024-01-22,66
14,2024-01-22,120
21,2024-01-22,68
13,2024-01-22,170
8,2024-01-22,79
17,2024-01-22,102
19,2024-01-22,92
22,2024-01-22,93
7,2024-01-22,80
9,2024-01-22,60
1,2024-01-22,78
26,2024-01-22,88
27,2024-01-22,79
16,2024-01-22,104
11,2024-01-22,103
27,2024-01-29,94
15,2024-01-29,125
26,2024-01-29,82
13,2024-01-29,143
12,2024-01-29,75
7,2024-01-29,90
14,2024-01-29,134
21,2024-01-29,68
2,2024-01-29,89
9,2024-01-29,51
4,2024-01-29,69
6,2024-01-29,151
22,2024-01-29,99
8,2024-01-29,78
3,2024-01-29,42
1,2024-01-29,67
19,2024-01-29,99
16,2024-01-29,115
18,2024-01-29,77
25,2024-01-29,61
5,2024-01-29,45
23,2024-01-29,85
20,2024-01-29,88
17,2024-01-29,109
28,2024-01-29,50
10,2024-02-05,105
2,2024-02-05,99
17,2024-02-05,71
8,2024-02-05,64
23,2024-02-05,66
21,2024-02-05,64
13,2024-02-05,154
6,2024-02-05,167
16,2024-02-05,93
27,2024-02-05,92
4,2024-02-05,94
24,2024-02-05,84
26,2024-02-05,98
5,2024-02-05,42
22,2024-02-05,84
11,2024-02-05,85
1,2024-02-05,71
3,2024-02-05,60
18,2024-02-05,57
25,2024-02-05,59
19,2024-02-05,85
15,2024-02-05,106
12,2024-02-05,71
28,2024-02-05,54
21,2024-02-12,61
23,2024-02-12,65
20,2024-02-12,100
15,2024-02-12,98
16,2024-02-12,100
6,2024-02-12,131
2,2024-02-12,84
3,2024-02-12,46
8,2024-02-12,71
25,2024-02-12,57
5,2024-02-12,43
18,2024-02-12,50
24,2024-02-12,84
1,2024-02-12,64
22,2024-02-12,73
14,2024-02-12,124
9,2024-02-12,52
27,2024-02-12,90
17,2024-02-12,72
10,2024-02-12,83
28,2024-02-12,61
13,2024-02-12,121
19,2024-02-12,69
12,2024-02-12,58
11,2024-02-19,81
22,2024-02-19,90
1,2024-02-19,71
23,2024-02-19,66
28,2024-02-19,45
24,2024-02-19,92
4,2024-02-19,69
27,2024-02-19,84
17,2024-02-19,71
18,2024-02-19,51
13,2024-02-19,161
6,2024-02-19,145
5,2024-02-19,54
26,2024-02-19,98
3,2024-02-19,58
20,2024-02-19,83
14,2024-02-19,110
12,2024-02-19,77
21,2024-02-19,64
19,2024-02-19,62
8,2024-02-19,55
7,2024-02-19,80
15,2024-02-19,98
25,2024-02-19,62
2,2024-02-19,77
10,2024-02-19,105
16,2024-02-26,120
26,2024-02-26,99
18,2024-02-26,60
13,2024-02-26,158
8,2024-02-26,46
4,2024-02-26,66
24,2024-02-26,74
21,2024-02-26,64
2,2024-02-26,105
28,2024-02-26,63
7,2024-02-26,79
17,2024-02-26,109
6,2024-02-26,120
5,2024-02-26,42
25,2024-02-26,67
14,2024-02-26,127
27,2024-02-26,87
23,2024-02-26,69
12,2024-02-26,49
19,2024-02-26,69
11,2024-02-26,85
3,2024-02-26,55
15,2024-02-26,81
22,2024-02-26,88
12,2024-03-04,73
15,2024-03-04,85
23,2024-03-04,82
22,2024-03-04,113
16,2024-03-04,96
3,2024-03-04,63
5,2024-03-04,51
2,2024-03-04,117
21,2024-03-04,63
26,2024-03-04,106
27,2024-03-04,84
20,2024-03-04,64
14,2024-03-04,91
13,2024-03-04,114
6,2024-03-04,126
28,2024-03-04,50
18,2024-03-04,47
1,2024-03-04,80
7,2024-03-04,72
8,2024-03-04,72
25,2024-03-04,63
10,2024-03-04,103
9,2024-03-04,47
24,2024-03-04,93
14,2024-03-11,121
26,2024-03-11,99
5,2024-03-11,46
10,2024-03-11,112
13,2024-03-11,120
3,2024-03-11,59
8,2024-03-11,61
25,2024-03-11,70
12,2024-03-11,50
6,2024-03-11,135
17,2024-03-11,67
15,2024-03-11,96
1,2024-03-11,78
7,2024-03-11,75
23,2024-03-11,57
16,2024-03-11,93
4,2024-03-11,83
19,2024-03-11,55
9,2024-03-11,49
22,2024-03-11,100
11,2024-03-11,91
28,2024-03-11,50
12,2024-03-18,63
1,2024-03-18,77
3,2024-03-18,49
8,2024-03-18,40
23,2024-03-18,56
24,2024-03-18,79
11,2024-03-18,87
19,2024-03-18,64
28,2024-03-18,58
17,2024-03-18,77
6,2024-03-18,130
27,2024-03-18,99
21,2024-03-18,73
18,2024-03-18,45
2,2024-03-18,116
18,2024-03-25,56
25,2024-03-25,67
19,2024-03-25,66
15,2024-03-25,79
22,2024-03-25,108
28,2024-03-25,64
7,2024-03-25,61
1,2024-03-25,70
16,2024-03-25,88
3,2024-03-25,61
9,2024-03-25,49
4,2024-03-25,76
20,2024-03-25,105
6,2024-03-25,139
21,2024-03-25,85
23,2024-03-25,70
14,2024-03-25,104
27,2024-03-25,96
2,2024-03-25,109
13,2024-03-25,108
10,2024-03-25,98
17,2024-03-25,79
26,2024-03-25,87
5,2024-03-25,53
8,2024-03-25,56
1,2024-04-01,76
28,2024-04-01,55
15,2024-04-01,66
5,2024-04-01,64
21,2024-04-01,89
23,2024-04-01,76
10,2024-04-01,109
14,2024-04-01,85
16,2024-04-01,89
4,2024-04-01,107
3,2024-04-01,71
22,2024-04-01,112
25,2024-04-01,70
6,2024-04-01,128
24,2024-04-01,93
9,2024-04-01,57
2,2024-04-01,113
8,2024-04-01,64
17,2024-04-01,66
26,2024-04-01,115
18,2024-04-01,63
12,2024-04-01,67
20,2024-04-01,99
19,2024-04-01,56
13,2024-04-01,93
25,2024-04-08,70
7,2024-04-08,72
8,2024-04-08,49
19,2024-04-08,54
14,2024-04-08,73
24,2024-04-08,101
4,2024-04-08,106
2,2024-04-08,97
17,2024-04-08,70
26,2024-04-08,135
18,2024-04-08,52
13,2024-04-08,99
28,2024-04-08,61
12,2024-04-08,69
20,2024-04-08,87
6,2024-04-08,112
11,2024-04-08,105
16,2024-04-08,82
23,2024-04-08,71
27,2024-04-08,99
9,2024-04-08,37
5,2024-04-08,52
15,2024-04-08,75
3,2024-04-08,64
1,2024-04-08,84
21,2024-04-08,93
10,2024-04-08,103
22,2024-04-08,122
25,2024-04-15,71
27,2024-04-15,105
28,2024-04-15,55
24,2024-04-15,101
2,2024-04-15,100
19,2024-04-15,53
9,2024-04-15,42
1,2024-04-15,62
22,2024-04-15,126
13,2024-04-15,105
10,2024-04-15,114
14,2024-04-15,117
20,2024-04-15,103
21,2024-04-15,86
16,2024-04-15,103
3,2024-04-15,70
6,2024-04-15,130
26,2024-04-15,87
23,2024-04-15,73
11,2024-04-15,104
8,2024-04-15,69
11,2024-04-22,84
14,2024-04-22,94
9,2024-04-22,54
5,2024-04-22,62
15,2024-04-22,81
1,2024-04-22,79
28,2024-04-22,56
19,2024-04-22,67
2,2024-04-22,127
20,2024-04-22,91
26,2024-04-22,106
17,2024-04-22,65
4,2024-04-22,101
24,2024-04-22,100
23,2024-04-22,85
22,2024-04-22,118
6,2024-04-22,117
16,2024-04-22,103
27,2024-04-22,99
13,2024-04-22,131
21,2024-04-22,94
3,2024-04-22,86
7,2024-04-22,60
10,2024-04-22,114
25,2024-04-22,65
8,2024-04-22,66
15,2024-04-29,77
8,2024-04-29,58
28,2024-04-29,52
12,2024-04-29,75
13,2024-04-29,106
11,2024-04-29,101
21,2024-04-29,79
26,2024-04-29,104
9,2024-04-29,44
4,2024-04-29,110
17,2024-04-29,90
23,2024-04-29,88
3,2024-04-29,58
10,2024-04-29,128
5,2024-04-29,48
7,2024-04-29,74
27,2024-04-29,96
22,2024-04-29,103
14,2024-04-29,98
6,2024-04-29,124
1,2024-04-29,79
16,2024-04-29,77
27,2024-05-06,94
20,2024-05-06,126
16,2024-05-06,80
13,2024-05-06,112
24,2024-05-06,119
14,2024-05-06,90
6,2024-05-06,145
4,2024-05-06,132
22,2024-05-06,126
17,2024-05-06,61
25,2024-05-06,56
23,2024-05-06,70
8,2024-05-06,77
21,2024-05-06,92
3,2024-05-06,68
9,2024-05-06,54
11,2024-05-06,89
28,2024-05-06,61
7,2024-05-06,86
1,2024-05-06,106
2,2024-05-06,121
19,2024-05-06,53
15,2024-05-06,61
5,2024-05-06,65
15,2024-05-13,83
23,2024-05-13,83
24,2024-05-13,91
5,2024-05-13,61
19,2024-05-13,54
28,2024-05-13,61
7,2024-05-13,84
1,2024-05-13,114
10,2024-05-13,92
21,2024-05-13,110
27,2024-05-13,92
14,2024-05-13,111
22,2024-05-13,113
17,2024-05-13,86
18,2024-05-13,58
20,2024-05-13,116
3,2024-05-13,76
2,2024-05-13,142
12,2024-05-13,68
13,2024-05-13,108
25,2024-05-13,74
25,2024-05-20,61
2,2024-05-20,135
22,2024-05-20,109
13,2024-05-20,126
7,2024-05-20,81
5,2024-05-20,72
6,2024-05-20,157
12,2024-05-20,65
21,2024-05-20,96
16,2024-05-20,80
10,2024-05-20,101
19,2024-05-20,70
27,2024-05-20,100
24,2024-05-20,105
14,2024-05-20,89
4,2024-05-20,126
9,2024-05-20,64
23,2024-05-20,101
26,2024-05-20,121
17,2024-05-20,68
3,2024-05-20,75
11,2024-05-20,91
15,2024-05-20,70
18,2024-05-20,55
20,2024-05-27,112
9,2024-05-27,47
4,2024-05-27,95
8,2024-05-27,67
25,2024-05-27,68
15,2024-05-27,79
16,2024-05-27,81
14,2024-05-27,115
13,2024-05-27,107
1,2024-05-27,91
24,2024-05-27,101
7,2024-05-27,59
21,2024-05-27,90
28,2024-05-27,50
3,2024-05-27,64
17,2024-05-27,80
5,2024-05-27,76
18,2024-05-27,58
27,2024-05-27,91
2,2024-05-27,115
12,2024-05-27,66
19,2024-05-27,58
10,2024-05-27,128
23,2024-05-27,75
11,2024-05-27,76
22,2024-05-27,121
6,2024-06-03,173
10,2024-06-03,98
24,2024-06-03,94
17,2024-06-03,79
25,2024-06-03,73
21,2024-06-03,124
23,2024-06-03,75
13,2024-06-03,108
5,2024-06-03,61
22,2024-06-03,135
8,2024-06-03,87
26,2024-06-03,161
12,2024-06-03,59
9,2024-06-03,51
16,2024-06-03,71
19,2024-06-03,73
2,2024-06-03,129
4,2024-06-03,155
14,2024-06-03,99
28,2024-06-03,84
18,2024-06-03,88
11,2024-06-03,99
27,2024-06-03,136
7,2024-06-03,70
1,2024-06-03,120
24,2024-06-10,92
27,2024-06-10,125
6,2024-06-10,172
28,2024-06-10,78
1,2024-06-10,114
26,2024-06-10,128
12,2024-06-10,64
23,2024-06-10,89
19,2024-06-10,85
13,2024-06-10,109
11,2024-06-10,75
5,2024-06-10,64
2,2024-06-10,145
17,2024-06-10,112
21,2024-06-10,119
16,2024-06-10,76
25,2024-06-10,72
7,2024-06-10,80
8,2024-06-10,61
3,2024-06-10,80
22,2024-06-10,138
11,2024-06-17,73
7,2024-06-17,70
3,2024-06-17,82
26,2024-06-17,137
25,2024-06-17,74
12,2024-06-17,60
19,2024-06-17,78
5,2024-06-17,73
13,2024-06-17,103
28,2024-06-17,61
21,2024-06-17,101
18,2024-06-17,67
14,2024-06-17,89
17,2024-06-17,98
8,2024-06-17,70
4,2024-06-17,151
27,2024-06-17,129
10,2024-06-17,102
16,2024-06-17,77
24,2024-06-17,95
1,2024-06-17,122
22,2024-06-17,161
19,2024-06-24,84
21,2024-06-24,123
25,2024-06-24,75
10,2024-06-24,100
22,2024-06-24,186
26,2024-06-24,149
5,2024-06-24,83
9,2024-06-24,53
1,2024-06-24,134
7,2024-06-24,91
20,2024-06-24,140
16,2024-06-24,81
2,2024-06-24,138
11,2024-06-24,91
14,2024-06-24,81
3,2024-06-24,94
17,2024-06-24,105
15,2024-06-24,79
8,2024-06-24,70
24,2024-06-24,97
12,2024-06-24,56
6,2024-06-24,141
27,2024-06-24,99
23,2024-06-24,69
18,2024-06-24,82
4,2024-06-24,124
13,2024-06-24,109
11,2024-07-01,54
19,2024-07-01,90
16,2024-07-01,65
9,2024-07-01,54
23,2024-07-01,79
20,2024-07-01,135
15,2024-07-01,65
24,2024-07-01,98
14,2024-07-01,88
18,2024-07-01,84
7,2024-07-01,97
8,2024-07-01,51
26,2024-07-01,186
10,2024-07-01,100
5,2024-07-01,114
12,2024-07-01,54
3,2024-07-01,79
22,2024-07-01,158
6,2024-07-01,135
27,2024-07-01,135
17,2024-07-01,112
25,2024-07-01,54
4,2024-07-01,147
13,2024-07-01,88
14,2024-07-08,73
5,2024-07-08,83
21,2024-07-08,127
19,2024-07-08,109
11,2024-07-08,67
18,2024-07-08,76
28,2024-07-08,82
27,2024-07-08,126
10,2024-07-08,90
20,2024-07-08,151
3,2024-07-08,100
25,2024-07-08,59
9,2024-07-08,52
15,2024-07-08,65
6,2024-07-08,146
26,2024-07-08,120
16,2024-07-08,63
22,2024-07-08,162
12,2024-07-08,52
2,2024-07-08,166
24,2024-07-08,96
13,2024-07-08,76
17,2024-07-08,109
6,2024-07-15,133
5,2024-07-15,62
19,2024-07-15,89
27,2024-07-15,130
13,2024-07-15,109
25,2024-07-15,59
3,2024-07-15,95
12,2024-07-15,53
4,2024-07-15,135
18,2024-07-15,90
21,2024-07-15,114
8,2024-07-15,69
23,2024-07-15,94
9,2024-07-15,54
26,2024-07-15,159
22,2024-07-15,155
7,2024-07-15,69
10,2024-07-15,96
28,2024-07-15,79
16,2024-07-15,71
2,2024-07-15,182
1,2024-07-15,97
14,2024-07-15,80
17,2024-07-15,101
24,2024-07-15,97
4,2024-07-22,128
15,2024-07-22,71
6,2024-07-22,135
17,2024-07-22,116
8,2024-07-22,81
26,2024-07-22,165
10,2024-07-22,84
16,2024-07-22,63
3,2024-07-22,91
27,2024-07-22,128
18,2024-07-22,71
12,2024-07-22,59
9,2024-07-22,59
20,2024-07-22,166
14,2024-07-22,75
23,2024-07-22,85
25,2024-07-22,79
13,2024-07-22,106
21,2024-07-22,99
7,2024-07-22,73
19,2024-07-22,105
11,2024-07-22,61
2,2024-07-22,160
28,2024-07-22,82
12,2024-07-29,60
19,2024-07-29,92
24,2024-07-29,102
9,2024-07-29,60
8,2024-07-29,72
26,2024-07-29,149
10,2024-07-29,74
22,2024-07-29,124
1,2024-07-29,126
15,2024-07-29,80
11,2024-07-29,73
7,2024-07-29,83
2,2024-07-29,153
27,2024-07-29,158
17,2024-07-29,116
28,2024-07-29,74
20,2024-07-29,138
4,2024-07-29,133
21,2024-07-29,145
25,2024-07-29,59
3,2024-07-29,93
14,2024-07-29,80
5,2024-07-29,79
23,2024-07-29,84
16,2024-07-29,86
6,2024-07-29,125
3,2024-08-05,102
19,2024-08-05,94
28,2024-08-05,60
20,2024-08-05,122
4,2024-08-05,142
21,2024-08-05,114
26,2024-08-05,151
23,2024-08-05,81
25,2024-08-05,79
10,2024-08-05,103
8,2024-08-05,86
14,2024-08-05,90
11,2024-08-05,89
15,2024-08-05,95
16,2024-08-05,93
1,2024-08-05,108
18,2024-08-05,74
13,2024-08-05,128
9,2024-08-05,47
22,2024-08-05,138
17,2024-08-05,86
27,2024-08-05,121
24,2024-08-05,130
6,2024-08-05,117
5,2024-08-05,76
2,2024-08-05,165
14,2024-08-12,65
27,2024-08-12,140
6,2024-08-12,133
10,2024-08-12,94
2,2024-08-12,132
18,2024-08-12,83
19,2024-08-12,84
7,2024-08-12,80
24,2024-08-12,112
17,2024-08-12,97
21,2024-08-12,155
28,2024-08-12,79
15,2024-08-12,80
8,2024-08-12,67
9,2024-08-12,49
16,2024-08-12,87
1,2024-08-12,114
13,2024-08-12,102
12,2024-08-12,73
23,2024-08-12,99
20,2024-08-12,143
26,2024-08-12,140
3,2024-08-12,86
25,2024-08-12,87
5,2024-08-12,80
4,2024-08-12,124
25,2024-08-19,93
24,2024-08-19,117
13,2024-08-19,117
22,2024-08-19,132
17,2024-08-19,105
28,2024-08-19,75
1,2024-08-19,118
3,2024-08-19,79
11,2024-08-19,84
5,2024-08-19,79
7,2024-08-19,72
2,2024-08-19,150
12,2024-08-19,57
4,2024-08-19,137
15,2024-08-19,79
16,2024-08-19,92
20,2024-08-19,141
19,2024-08-19,89
9,2024-08-19,42
23,2024-08-19,111
6,2024-08-19,134
18,2024-08-19,74
8,2024-08-19,68
14,2024-08-19,101
10,2024-08-19,95
27,2024-08-19,126
20,2024-08-26,141
9,2024-08-26,60
18,2024-08-26,50
15,2024-08-26,81
13,2024-08-26,105
8,2024-08-26,64
11,2024-08-26,85
10,2024-08-26,112
16,2024-08-26,103
21,2024-08-26,131
2,2024-08-26,161
4,2024-08-26,107
5,2024-08-26,67
28,2024-08-26,74
25,2024-08-26,87
17,2024-08-26,109
22,2024-08-26,146
26,2024-08-26,144
7,2024-08-26,86
1,2024-08-26,104
6,2024-08-26,132
14,2024-08-26,98
12,2024-08-26,74
19,2024-08-26,92
6,2024-09-02,113
10,2024-09-02,101
7,2024-09-02,84
15,2024-09-02,82
18,2024-09-02,59
27,2024-09-02,93
13,2024-09-02,126
8,2024-09-02,66
20,2024-09-02,109
16,2024-09-02,87
4,2024-09-02,127
12,2024-09-02,72
25,2024-09-02,73
26,2024-09-02,113
14,2024-09-02,115
19,2024-09-02,74
22,2024-09-02,129
9,2024-09-02,53
24,2024-09-02,107
11,2024-09-02,85
28,2024-09-02,58
15,2024-09-09,88
12,2024-09-09,67
28,2024-09-09,58
21,2024-09-09,97
4,2024-09-09,103
2,2024-09-09,133
16,2024-09-09,97
20,2024-09-09,110
8,2024-09-09,74
23,2024-09-09,90
13,2024-09-09,141
9,2024-09-09,45
24,2024-09-09,151
27,2024-09-09,115
10,2024-09-09,105
6,2024-09-09,122
19,2024-09-09,75
5,2024-09-09,66
18,2024-09-09,61
1,2024-09-09,88
26,2024-09-09,126
14,2024-09-09,108
7,2024-09-09,84
17,2024-09-09,65
11,2024-09-09,106
3,2024-09-09,63
26,2024-09-16,107
5,2024-09-16,72
27,2024-09-16,90
18,2024-09-16,58
19,2024-09-16,69
1,2024-09-16,114
13,2024-09-16,108
21,2024-09-16,93
23,2024-09-16,97
17,2024-09-16,93
25,2024-09-16,86
12,2024-09-16,57
20,2024-09-16,127
14,2024-09-16,94
16,2024-09-16,94
4,2024-09-16,111
28,2024-09-16,65
9,2024-09-16,44
10,2024-09-16,115
15,2024-09-16,88
22,2024-09-16,111
6,2024-09-16,142
7,2024-09-16,84
2,2024-09-16,154
11,2024-09-16,91
16,2024-09-23,90
25,2024-09-23,77
23,2024-09-23,126
14,2024-09-23,112
22,2024-09-23,133
8,2024-09-23,72
18,2024-09-23,57
24,2024-09-23,121
3,2024-09-23,79
28,2024-09-23,57
27,2024-09-23,94
7,2024-09-23,85
13,2024-09-23,129
15,2024-09-23,90
10,2024-09-23,110
12,2024-09-23,68
19,2024-09-23,66
11,2024-09-23,95
5,2024-09-23,59
1,2024-09-23,80
2,2024-09-23,146
6,2024-09-23,147
21,2024-09-23,80
17,2024-09-23,86
14,2024-09-30,102
2,2024-09-30,154
7,2024-09-30,92
4,2024-09-30,134
20,2024-09-30,92
21,2024-09-30,100
8,2024-09-30,68
9,2024-09-30,52
11,2024-09-30,91
12,2024-09-30,78
5,2024-09-30,66
28,2024-09-30,60
18,2024-09-30,58
26,2024-09-30,119
10,2024-09-30,96
3,2024-09-30,82
1,2024-09-30,85
13,2024-09-30,129
22,2024-09-30,137
15,2024-09-30,88
19,2024-09-30,64
6,2024-09-30,157
19,2024-10-07,44
7,2024-10-07,77
17,2024-10-07,68
2,2024-10-07,149
6,2024-10-07,150
10,2024-10-07,80
26,2024-10-07,92
5,2024-10-07,63
12,2024-10-07,58
15,2024-10-07,109
21,2024-10-07,80
28,2024-10-07,69
27,2024-10-07,93
3,2024-10-07,87
22,2024-10-07,105
18,2024-10-07,51
9,2024-10-07,51
24,2024-10-07,100
8,2024-10-07,77
13,2024-10-07,105
1,2024-10-07,81
23,2024-10-07,91
20,2024-10-07,88
11,2024-10-07,103
25,2024-10-07,84
16,2024-10-07,90
14,2024-10-07,116
12,2024-10-14,78
5,2024-10-14,63
10,2024-10-14,118
25,2024-10-14,81
7,2024-10-14,93
14,2024-10-14,123
3,2024-10-14,84
1,2024-10-14,88
17,2024-10-14,72
8,2024-10-14,59
28,2024-10-14,48
24,2024-10-14,128
9,2024-10-14,58
23,2024-10-14,81
11,2024-10-14,109
20,2024-10-14,89
27,2024-10-14,73
6,2024-10-14,173
13,2024-10-14,149
21,2024-10-14,81
16,2024-10-14,102
19,2024-10-14,53
15,2024-10-14,96
4,2024-10-14,91
2,2024-10-14,141
22,2024-10-14,95
26,2024-10-21,111
6,2024-10-21,123
1,2024-10-21,90
23,2024-10-21,95
15,2024-10-21,103
17,2024-10-21,71
28,2024-10-21,59
13,2024-10-21,134
12,2024-10-21,82
7,2024-10-21,73
16,2024-10-21,100
18,2024-10-21,52
9,2024-10-21,51
14,2024-10-21,112
4,2024-10-21,115
8,2024-10-21,70
3,2024-10-21,82
10,2024-10-21,121
20,2024-10-21,98
21,2024-10-21,86
22,2024-10-21,85
2,2024-10-21,133
11,2024-10-21,117
5,2024-10-21,67
20,2024-10-28,99
16,2024-10-28,100
19,2024-10-28,58
18,2024-10-28,56
17,2024-10-28,79
28,2024-10-28,68
26,2024-10-28,114
3,2024-10-28,74
11,2024-10-28,105
21,2024-10-28,85
14,2024-10-28,111
2,2024-10-28,124
5,2024-10-28,67
22,2024-10-28,116
27,2024-10-28,106
4,2024-10-28,110
15,2024-10-28,94
10,2024-10-28,105
6,2024-10-28,153
23,2024-10-28,78
8,2024-10-28,69
1,2024-10-28,109
25,2024-10-28,64
24,2024-10-28,105
7,2024-10-28,78
26,2024-11-04,84
14,2024-11-04,157
28,2024-11-04,80
7,2024-11-04,73
13,2024-11-04,159
3,2024-11-04,76
5,2024-11-04,54
6,2024-11-04,148
1,2024-11-04,83
22,2024-11-04,62
17,2024-11-04,79
8,2024-11-04,80
27,2024-11-04,123
18,2024-11-04,72
23,2024-11-04,89
19,2024-11-04,66
9,2024-11-04,58
12,2024-11-04,68
15,2024-11-04,114
4,2024-11-04,84
16,2024-11-04,142
20,2024-11-04,90
4,2024-11-11,82
26,2024-11-11,138
14,2024-11-11,156
28,2024-11-11,78
24,2024-11-11,101
2,2024-11-11,126
25,2024-11-11,73
13,2024-11-11,165
16,2024-11-11,112
7,2024-11-11,109
20,2024-11-11,88
22,2024-11-11,92
17,2024-11-11,83
6,2024-11-11,163
8,2024-11-11,69
11,2024-11-11,123
10,2024-11-11,127
23,2024-11-11,97
19,2024-11-11,88
12,2024-11-11,78
5,2024-11-11,56
18,2024-11-11,62
15,2024-11-11,107
21,2024-11-11,64
3,2024-11-11,57
27,2024-11-18,124
25,2024-11-18,90
7,2024-11-18,92
20,2024-11-18,76
9,2024-11-18,61
12,2024-11-18,105
19,2024-11-18,84
23,2024-11-18,92
18,2024-11-18,62
5,2024-11-18,58
24,2024-11-18,114
15,2024-11-18,109
13,2024-11-18,170
4,2024-11-18,74
3,2024-11-18,61
22,2024-11-18,100
14,2024-11-18,154
2,2024-11-18,123
11,2024-11-18,117
10,2024-11-18,143
6,2024-11-18,157
1,2024-11-18,75
8,2024-11-18,81
16,2024-11-18,88
26,2024-11-18,141
21,2024-11-18,68
27,2024-11-25,102
24,2024-11-25,100
13,2024-11-25,183
16,2024-11-25,131
20,2024-11-25,85
6,2024-11-25,159
22,2024-11-25,102
8,2024-11-25,76
12,2024-11-25,77
3,2024-11-25,65
4,2024-11-25,88
17,2024-11-25,83
10,2024-11-25,131
5,2024-11-25,53
7,2024-11-25,91
15,2024-11-25,102
9,2024-11-25,64
26,2024-11-25,138
19,2024-11-25,50
25,2024-11-25,80
28,2024-11-25,60
1,2024-11-25,71
21,2024-11-25,56
23,2024-11-25,95
18,2024-11-25,73
2,2024-11-25,103
19,2024-12-02,81
6,2024-12-02,171
4,2024-12-02,70
7,2024-12-02,102
26,2024-12-02,141
14,2024-12-02,147
8,2024-12-02,73
23,2024-12-02,94
18,2024-12-02,77
10,2024-12-02,157
5,2024-12-02,40
16,2024-12-02,138
2,2024-12-02,91
3,2024-12-02,57
11,2024-12-02,135
9,2024-12-02,62
27,2024-12-02,129
15,2024-12-02,114
25,2024-12-02,93
13,2024-12-02,175
21,2024-12-02,85
20,2024-12-02,86
24,2024-12-02,114
4,2024-12-09,83
26,2024-12-09,147
27,2024-12-09,126
1,2024-12-09,77
17,2024-12-09,98
11,2024-12-09,135
18,2024-12-09,68
8,2024-12-09,88
21,2024-12-09,67
22,2024-12-09,98
15,2024-12-09,101
10,2024-12-09,180
5,2024-12-09,52
19,2024-12-09,109
9,2024-12-09,82
24,2024-12-09,149
20,2024-12-09,88
16,2024-12-09,114
2,2024-12-09,79
13,2024-12-09,156
23,2024-12-09,110
25,2024-12-16,89
10,2024-12-16,140
13,2024-12-16,150
8,2024-12-16,67
11,2024-12-16,123
19,2024-12-16,79
2,2024-12-16,102
24,2024-12-16,146
22,2024-12-16,115
28,2024-12-16,77
16,2024-12-16,149
6,2024-12-16,161
3,2024-12-16,47
7,2024-12-16,91
21,2024-12-16,93
15,2024-12-16,113
1,2024-12-16,77
9,2024-12-16,70
12,2024-12-16,110
17,2024-12-16,104
20,2024-12-16,94
8,2024-12-23,78
18,2024-12-23,81
19,2024-12-23,75
16,2024-12-23,139
10,2024-12-23,161
21,2024-12-23,81
13,2024-12-23,208
11,2024-12-23,128
28,2024-12-23,72
20,2024-12-23,101
2,2024-12-23,87
5,2024-12-23,49
15,2024-12-23,100
22,2024-12-23,90
6,2024-12-23,188
17,2024-12-23,109
25,2024-12-23,93
4,2024-12-23,98
3,2024-12-23,48
1,2024-12-30,72
28,2024-12-30,71
23,2024-12-30,102
14,2024-12-30,152
20,2024-12-30,96
25,2024-12-30,79
21,2024-12-30,74
4,2024-12-30,92
11,2024-12-30,111
19,2024-12-30,79
18,2024-12-30,89
24,2024-12-30,118
7,2024-12-30,73
22,2024-12-30,136
15,2024-12-30,143
8,2024-12-30,66
17,2024-12-30,97
9,2024-12-30,71
13,2024-12-30,176
5,2024-12-30,51
10,2025-01-06,95
4,2025-01-06,80
1,2025-01-06,76
6,2025-01-06,148
24,2025-01-06,85
9,2025-01-06,56
8,2025-01-06,80
14,2025-01-06,151
20,2025-01-06,93
17,2025-01-06,122
7,2025-01-06,94
28,2025-01-06,58
11,2025-01-06,99
16,2025-01-06,139
26,2025-01-06,106
12,2025-01-06,63
3,2025-01-06,65
21,2025-01-06,60
18,2025-01-06,75
15,2025-01-06,117
2,2025-01-06,90
23,2025-01-06,92
22,2025-01-06,83
2,2025-01-13,78
4,2025-01-13,79
24,2025-01-13,94
26,2025-01-13,104
14,2025-01-13,162
25,2025-01-13,78
21,2025-01-13,75
20,2025-01-13,68
15,2025-01-13,108
1,2025-01-13,69
3,2025-01-13,59
7,2025-01-13,92
13,2025-01-13,178
10,2025-01-13,104
19,2025-01-13,79
18,2025-01-13,75
8,2025-01-13,89
27,2025-01-13,91
11,2025-01-13,87
28,2025-01-13,50
16,2025-01-13,115
9,2025-01-13,61
22,2025-01-13,87
12,2025-01-13,72
6,2025-01-13,132
5,2025-01-13,52
23,2025-01-13,77
17,2025-01-13,124
8,2025-01-20,69
18,2025-01-20,64
7,2025-01-20,87
25,2025-01-20,74
19,2025-01-20,86
22,2025-01-20,89
28,2025-01-20,51
14,2025-01-20,150
27,2025-01-20,86
10,2025-01-20,111
6,2025-01-20,161
12,2025-01-20,72
5,2025-01-20,50
9,2025-01-20,58
2,2025-01-20,116
16,2025-01-20,139
21,2025-01-20,74
20,2025-01-20,84
23,2025-01-20,87
1,2025-01-20,66
15,2025-01-20,103
11,2025-01-20,95
3,2025-01-20,49
13,2025-01-20,178
17,2025-01-27,97
5,2025-01-27,39
14,2025-01-27,168
13,2025-01-27,143
28,2025-01-27,46
25,2025-01-27,78
26,2025-01-27,98
2,2025-01-27,122
21,2025-01-27,61
20,2025-01-27,84
15,2025-01-27,85
7,2025-01-27,101
27,2025-01-27,86
9,2025-01-27,51
8,2025-01-27,75
24,2025-01-27,97
19,2025-01-27,83
10,2025-01-27,102
3,2025-01-27,50
6,2025-01-27,155
18,2025-02-03,63
7,2025-02-03,83
13,2025-02-03,160
24,2025-02-03,90
14,2025-02-03,126
26,2025-02-03,93
3,2025-02-03,59
21,2025-02-03,80
6,2025-02-03,171
25,2025-02-03,69
1,2025-02-03,71
9,2025-02-03,49
15,2025-02-03,89
4,2025-02-03,77
10,2025-02-03,105
8,2025-02-03,67
19,2025-02-03,71
22,2025-02-03,83
23,2025-02-03,89
17,2025-02-03,73
20,2025-02-03,93
27,2025-02-03,97
5,2025-02-03,52
16,2025-02-03,130
3,2025-02-10,61
1,2025-02-10,73
21,2025-02-10,55
2,2025-02-10,79
27,2025-02-10,93
11,2025-02-10,88
9,2025-02-10,49
18,2025-02-10,79
6,2025-02-10,126
10,2025-02-10,113
20,2025-02-10,87
14,2025-02-10,130
12,2025-02-10,66
25,2025-02-10,71
16,2025-02-10,119
7,2025-02-10,68
22,2025-02-10,88
8,2025-02-10,60
19,2025-02-10,70
28,2025-02-10,57
24,2025-02-10,98
17,2025-02-10,80
23,2025-02-10,74
21,2025-02-17,70
2,2025-02-17,79
1,2025-02-17,78
19,2025-02-17,64
20,2025-02-17,89
23,2025-02-17,63
22,2025-02-17,90
25,2025-02-17,60
17,2025-02-17,72
10,2025-02-17,112
27,2025-02-17,80
11,2025-02-17,81
9,2025-02-17,60
12,2025-02-17,55
26,2025-02-17,116
3,2025-02-17,60
14,2025-02-17,143
15,2025-02-17,101
18,2025-02-17,62
8,2025-02-17,67
7,2025-02-17,87
4,2025-02-17,89
16,2025-02-17,110
21,2025-02-24,57
3,2025-02-24,55
6,2025-02-24,110
28,2025-02-24,60
1,2025-02-24,62
23,2025-02-24,80
10,2025-02-24,110
27,2025-02-24,80
16,2025-02-24,108
22,2025-02-24,85
15,2025-02-24,105
4,2025-02-24,71
12,2025-02-24,66
5,2025-02-24,55
13,2025-02-24,123
20,2025-02-24,93
14,2025-02-24,113
2,2025-02-24,101
11,2025-02-24,98
19,2025-02-24,74
26,2025-02-24,101
9,2025-02-24,48
25,2025-02-24,60
18,2025-02-24,50
4,2025-03-03,91
11,2025-03-03,84
17,2025-03-03,74
9,2025-03-03,44
22,2025-03-03,91
24,2025-03-03,92
27,2025-03-03,78
12,2025-03-03,65
8,2025-03-03,59
20,2025-03-03,79
19,2025-03-03,51
10,2025-03-03,106
5,2025-03-03,55
23,2025-03-03,76
6,2025-03-03,127
15,2025-03-03,90
3,2025-03-03,46
2,2025-03-03,100
13,2025-03-03,136
14,2025-03-03,100
28,2025-03-03,55
7,2025-03-03,79
1,2025-03-03,82
26,2025-03-03,120
12,2025-03-10,64
19,2025-03-10,56
24,2025-03-10,82
14,2025-03-10,102
20,2025-03-10,97
2,2025-03-10,105
15,2025-03-10,81
21,2025-03-10,78
4,2025-03-10,94
25,2025-03-10,73
8,2025-03-10,65
13,2025-03-10,148
18,2025-03-10,53
11,2025-03-10,87
23,2025-03-10,83
16,2025-03-10,104
10,2025-03-10,91
1,2025-03-10,76
26,2025-03-10,112
28,2025-03-10,69
6,2025-03-10,116
3,2025-03-10,70
9,2025-03-10,53
7,2025-03-10,66
27,2025-03-10,105
3,2025-03-17,67
15,2025-03-17,62
28,2025-03-17,54
6,2025-03-17,149
17,2025-03-17,71
21,2025-03-17,83
1,2025-03-17,79
2,2025-03-17,101
13,2025-03-17,131
25,2025-03-17,50
5,2025-03-17,58
23,2025-03-17,80
26,2025-03-17,103
22,2025-03-17,95
9,2025-03-17,49
27,2025-03-17,96
7,2025-03-17,67
10,2025-03-17,112
4,2025-03-17,86
11,2025-03-17,78
19,2025-03-17,68
8,2025-03-17,59
4,2025-03-24,93
2,2025-03-24,115
15,2025-03-24,92
17,2025-03-24,81
16,2025-03-24,85
7,2025-03-24,67
20,2025-03-24,96
28,2025-03-24,59
5,2025-03-24,58
23,2025-03-24,83
9,2025-03-24,62
26,2025-03-24,108
11,2025-03-24,72
8,2025-03-24,65
22,2025-03-24,109
12,2025-03-24,74
24,2025-03-24,82
19,2025-03-24,60
10,2025-03-24,108
27,2025-03-24,75
25,2025-03-24,60
13,2025-03-24,136
6,2025-03-24,156
3,2025-03-24,63
14,2025-03-24,106
18,2025-03-24,58
27,2025-03-31,80
28,2025-03-31,60
16,2025-03-31,103
6,2025-03-31,155
1,2025-03-31,72
21,2025-03-31,84
11,2025-03-31,93
10,2025-03-31,103
12,2025-03-31,63
4,2025-03-31,92
25,2025-03-31,61
5,2025-03-31,38
2,2025-03-31,129
15,2025-03-31,77
13,2025-03-31,134
8,2025-03-31,63
14,2025-03-31,114
9,2025-03-31,45
22,2025-03-31,75
7,2025-03-31,69
26,2025-03-31,115
3,2025-03-31,73
19,2025-03-31,77
6,2025-04-07,130
24,2025-04-07,108
26,2025-04-07,131
22,2025-04-07,99
25,2025-04-07,72
12,2025-04-07,69
5,2025-04-07,62
19,2025-04-07,67
16,2025-04-07,88
13,2025-04-07,100
14,2025-04-07,109
4,2025-04-07,108
21,2025-04-07,79
15,2025-04-07,92
20,2025-04-07,105
2,2025-04-07,133
8,2025-04-07,65
10,2025-04-07,114
23,2025-04-07,69
9,2025-04-07,49
3,2025-04-07,70
1,2025-04-07,95
17,2025-04-07,81
28,2025-04-07,56
18,2025-04-07,47
27,2025-04-07,120
5,2025-04-14,50
16,2025-04-14,95
28,2025-04-14,52
23,2025-04-14,82
13,2025-04-14,111
6,2025-04-14,131
3,2025-04-14,64
19,2025-04-14,58
9,2025-04-14,46
4,2025-04-14,98
18,2025-04-14,61
20,2025-04-14,112
15,2025-04-14,62
8,2025-04-14,54
2,2025-04-14,117
7,2025-04-14,67
14,2025-04-14,94
1,2025-04-14,100
12,2025-04-14,75
25,2025-04-14,81
10,2025-04-14,132
24,2025-04-14,84
27,2025-04-14,85
11,2025-04-14,89
22,2025-04-14,112
26,2025-04-14,104
21,2025-04-21,85
9,2025-04-21,43
12,2025-04-21,64
2,2025-04-21,120
7,2025-04-21,72
10,2025-04-21,107
8,2025-04-21,59
15,2025-04-21,70
20,2025-04-21,85
17,2025-04-21,74
24,2025-04-21,84
4,2025-04-21,108
14,2025-04-21,95
1,2025-04-21,87
26,2025-04-21,110
23,2025-04-21,85
5,2025-04-21,57
28,2025-04-21,54
25,2025-04-21,78
19,2025-04-21,67
13,2025-04-21,100
18,2025-04-21,57
11,2025-04-21,98
6,2025-04-21,148
5,2025-04-28,73
1,2025-04-28,87
6,2025-04-28,134
22,2025-04-28,107
14,2025-04-28,95
10,2025-04-28,77
19,2025-04-28,73
4,2025-04-28,90
8,2025-04-28,58
11,2025-04-28,101
27,2025-04-28,101
26,2025-04-28,104
12,2025-04-28,69
25,2025-04-28,69
13,2025-04-28,131
24,2025-04-28,90
15,2025-04-28,78
3,2025-04-28,75
18,2025-04-28,46
20,2025-04-28,125
17,2025-04-28,80
16,2025-04-28,101
28,2025-04-28,63
7,2025-04-28,86
7,2025-05-05,80
10,2025-05-05,104
27,2025-05-05,100
11,2025-05-05,71
2,2025-05-05,132
15,2025-05-05,77
20,2025-05-05,105
22,2025-05-05,103
4,2025-05-05,112
26,2025-05-05,113
5,2025-05-05,67
16,2025-05-05,84
13,2025-05-05,123
14,2025-05-05,88
21,2025-05-05,114
8,2025-05-05,73
23,2025-05-05,75
12,2025-05-05,70
3,2025-05-05,89
28,2025-05-05,65
18,2025-05-05,50
1,2025-05-05,78
17,2025-05-05,62
9,2025-05-05,48
27,2025-05-12,101
4,2025-05-12,108
17,2025-05-12,63
20,2025-05-12,82
9,2025-05-12,48
13,2025-05-12,88
6,2025-05-12,141
3,2025-05-12,77
21,2025-05-12,97
5,2025-05-12,65
7,2025-05-12,74
11,2025-05-12,82
28,2025-05-12,72
22,2025-05-12,129
25,2025-05-12,62
12,2025-05-12,74
18,2025-05-12,65
24,2025-05-12,89
19,2025-05-12,65
14,2025-05-12,110
16,2025-05-12,98
23,2025-05-12,91
2,2025-05-12,124
8,2025-05-12,76
15,2025-05-12,80
17,2025-05-19,84
18,2025-05-19,67
8,2025-05-19,65
24,2025-05-19,114
16,2025-05-19,89
12,2025-05-19,78
22,2025-05-19,110
20,2025-05-19,134
2,2025-05-19,109
21,2025-05-19,111
23,2025-05-19,90
15,2025-05-19,60
1,2025-05-19,101
9,2025-05-19,70
5,2025-05-19,58
10,2025-05-19,114
19,2025-05-19,75
6,2025-05-19,113
3,2025-05-19,82
27,2025-05-19,114
14,2025-05-19,106
26,2025-05-19,122
28,2025-05-19,56
11,2025-05-19,84
4,2025-05-19,127
7,2025-05-19,94
5,2025-05-26,73
25,2025-05-26,67
16,2025-05-26,82
3,2025-05-26,83
22,2025-05-26,125
6,2025-05-26,164
12,2025-05-26,70
24,2025-05-26,110
23,2025-05-26,86
9,2025-05-26,54
13,2025-05-26,121
28,2025-05-26,72
7,2025-05-26,86
14,2025-05-26,94
1,2025-05-26,94
11,2025-05-26,104
27,2025-05-26,124
20,2025-05-26,122
21,2025-05-26,80
8,2025-05-26,68
17,2025-05-26,72
18,2025-05-26,54
2,2025-05-26,152
19,2025-06-02,82
17,2025-06-02,115
12,2025-06-02,59
13,2025-06-02,91
3,2025-06-02,97
21,2025-06-02,104
10,2025-06-02,90
11,2025-06-02,84
7,2025-06-02,81
27,2025-06-02,141
20,2025-06-02,167
8,2025-06-02,66
24,2025-06-02,104
4,2025-06-02,151
18,2025-06-02,79
28,2025-06-02,94
22,2025-06-02,189
26,2025-06-02,174
15,2025-06-02,79
9,2025-06-02,45
7,2025-06-09,87
21,2025-06-09,122
3,2025-06-09,92
10,2025-06-09,109
23,2025-06-09,86
12,2025-06-09,69
11,2025-06-09,100
19,2025-06-09,80
5,2025-06-09,78
17,2025-06-09,91
24,2025-06-09,105
27,2025-06-09,122
25,2025-06-09,69
16,2025-06-09,83
22,2025-06-09,156
26,2025-06-09,141
6,2025-06-09,128
18,2025-06-09,78
1,2025-06-09,122
13,2025-06-09,97
4,2025-06-09,144
9,2025-06-09,47
2,2025-06-09,190
15,2025-06-09,71
20,2025-06-09,138
8,2025-06-09,73
14,2025-06-09,73
17,2025-06-16,108
19,2025-06-16,91
14,2025-06-16,98
16,2025-06-16,80
8,2025-06-16,86
5,2025-06-16,79
26,2025-06-16,132
28,2025-06-16,71
25,2025-06-16,73
21,2025-06-16,124
4,2025-06-16,135
24,2025-06-16,93
23,2025-06-16,80
15,2025-06-16,59
1,2025-06-16,102
11,2025-06-16,86
7,2025-06-16,85
3,2025-06-16,90
9,2025-06-16,45
27,2025-06-16,139
6,2025-06-16,140
18,2025-06-16,70
6,2025-06-23,150
17,2025-06-23,110
27,2025-06-23,127
14,2025-06-23,94
16,2025-06-23,90
7,2025-06-23,85
21,2025-06-23,102
13,2025-06-23,104
24,2025-06-23,86
3,2025-06-23,101
9,2025-06-23,47
12,2025-06-23,76
25,2025-06-23,93
28,2025-06-23,73
4,2025-06-23,107
8,2025-06-23,69
18,2025-06-23,70
11,2025-06-23,79
15,2025-06-23,65
26,2025-06-23,162
10,2025-06-23,104
22,2025-06-23,141
5,2025-06-23,80
2,2025-06-23,135
23,2025-06-23,79
19,2025-06-23,90
6,2025-06-30,153
21,2025-06-30,125
24,2025-06-30,99
28,2025-06-30,92
9,2025-06-30,52
2,2025-06-30,134
12,2025-06-30,49
8,2025-06-30,72
22,2025-06-30,177
7,2025-06-30,96
17,2025-06-30,98
3,2025-06-30,74
1,2025-06-30,122
13,2025-06-30,109
15,2025-06-30,68
19,2025-06-30,100
11,2025-06-30,87
4,2025-06-30,120
18,2025-06-30,66
25,2025-06-30,67
10,2025-06-30,103
5,2025-06-30,87
15,2025-07-07,70
5,2025-07-07,97
26,2025-07-07,173
24,2025-07-07,111
16,2025-07-07,82
8,2025-07-07,78
2,2025-07-07,161
22,2025-07-07,175
1,2025-07-07,96
13,2025-07-07,91
11,2025-07-07,83
17,2025-07-07,108
18,2025-07-07,86
21,2025-07-07,120
4,2025-07-07,134
10,2025-07-07,101
27,2025-07-07,137
6,2025-07-07,146
19,2025-07-07,115
23,2025-07-07,87
7,2025-07-07,81
27,2025-07-14,151
28,2025-07-14,73
20,2025-07-14,157
9,2025-07-14,54
10,2025-07-14,104
25,2025-07-14,70
1,2025-07-14,104
19,2025-07-14,95
11,2025-07-14,87
26,2025-07-14,163
5,2025-07-14,84
22,2025-07-14,174
16,2025-07-14,81
15,2025-07-14,59
2,2025-07-14,156
23,2025-07-14,77
13,2025-07-14,109
12,2025-07-14,60
4,2025-07-14,170
6,2025-07-14,147
8,2025-07-14,79
14,2025-07-14,96
7,2025-07-14,83
3,2025-07-14,85
17,2025-07-14,127
18,2025-07-14,80
21,2025-07-14,132
23,2025-07-21,92
16,2025-07-21,82
4,2025-07-21,142
1,2025-07-21,131
27,2025-07-21,142
22,2025-07-21,151
24,2025-07-21,88
7,2025-07-21,86
8,2025-07-21,89
13,2025-07-21,120
3,2025-07-21,87
2,2025-07-21,169
15,2025-07-21,77
12,2025-07-21,55
10,2025-07-21,85
17,2025-07-21,123
9,2025-07-21,43
6,2025-07-21,166
21,2025-07-21,151
5,2025-07-21,64
19,2025-07-21,98
20,2025-07-21,150
26,2025-07-21,137
17,2025-07-28,99
25,2025-07-28,64
20,2025-07-28,173
28,2025-07-28,75
7,2025-07-28,82
10,2025-07-28,89
3,2025-07-28,95
19,2025-07-28,102
9,2025-07-28,51
16,2025-07-28,80
24,2025-07-28,97
8,2025-07-28,72
21,2025-07-28,137
1,2025-07-28,109
5,2025-07-28,98
26,2025-07-28,174
18,2025-07-28,92
4,2025-07-28,151
15,2025-07-28,75
23,2025-07-28,66
2,2025-07-28,155
6,2025-07-28,146
22,2025-07-28,125
3,2025-08-04,85
24,2025-08-04,102
2,2025-08-04,151
26,2025-08-04,173
1,2025-08-04,115
28,2025-08-04,88
11,2025-08-04,94
10,2025-08-04,89
21,2025-08-04,105
19,2025-08-04,91
5,2025-08-04,86
9,2025-08-04,54
4,2025-08-04,123
22,2025-08-04,149
14,2025-08-04,97
15,2025-08-04,77
20,2025-08-04,149
13,2025-08-04,104
16,2025-08-04,70
12,2025-08-04,65
6,2025-08-04,126
27,2025-08-04,119
18,2025-08-04,76
23,2025-08-04,126
7,2025-08-04,68
8,2025-08-04,74
27,2025-08-11,99
5,2025-08-11,75
18,2025-08-11,83
21,2025-08-11,115
2,2025-08-11,155
14,2025-08-11,94
20,2025-08-11,143
8,2025-08-11,80
6,2025-08-11,129
16,2025-08-11,78
9,2025-08-11,58
4,2025-08-11,132
11,2025-08-11,105
23,2025-08-11,120
3,2025-08-11,109
25,2025-08-11,87
28,2025-08-11,70
17,2025-08-11,105
15,2025-08-11,88
26,2025-08-11,132
12,2025-08-11,60
19,2025-08-11,102
22,2025-08-11,174
24,2025-08-11,124
7,2025-08-11,86
15,2025-08-18,90
3,2025-08-18,101
14,2025-08-18,107
8,2025-08-18,61
27,2025-08-18,126
2,2025-08-18,132
13,2025-08-18,122
19,2025-08-18,104
10,2025-08-18,122
18,2025-08-18,85
26,2025-08-18,160
25,2025-08-18,95
6,2025-08-18,138
20,2025-08-18,128
4,2025-08-18,151
24,2025-08-18,101
16,2025-08-18,78
9,2025-08-18,61
28,2025-08-18,69
21,2025-08-18,105
12,2025-08-18,73
23,2025-08-18,100
1,2025-08-18,112
11,2025-08-18,99
27,2025-08-25,142
25,2025-08-25,78
22,2025-08-25,155
7,2025-08-25,70
10,2025-08-25,102
13,2025-08-25,130
3,2025-08-25,85
11,2025-08-25,101
23,2025-08-25,90
28,2025-08-25,70
20,2025-08-25,170
17,2025-08-25,95
5,2025-08-25,74
6,2025-08-25,157
18,2025-08-25,80
1,2025-08-25,118
19,2025-08-25,72
4,2025-08-25,146
2,2025-08-25,163
8,2025-08-25,69
14,2025-08-25,104
21,2025-08-25,125
16,2025-08-25,80
15,2025-08-25,102
26,2025-08-25,147
24,2025-08-25,110
23,2025-09-01,96
6,2025-09-01,164
7,2025-09-01,88
15,2025-09-01,91
20,2025-09-01,117
24,2025-09-01,108
13,2025-09-01,139
14,2025-09-01,106
17,2025-09-01,94
8,2025-09-01,73
19,2025-09-01,66
12,2025-09-01,65
5,2025-09-01,73
4,2025-09-01,124
22,2025-09-01,130
11,2025-09-01,87
28,2025-09-01,69
9,2025-09-01,55
1,2025-09-01,118
27,2025-09-01,106
2,2025-09-01,138
21,2025-09-01,100
18,2025-09-01,56
10,2025-09-01,93
3,2025-09-01,94
21,2025-09-08,92
5,2025-09-08,55
6,2025-09-08,126
12,2025-09-08,76
20,2025-09-08,116
8,2025-09-08,76
14,2025-09-08,125
19,2025-09-08,79
18,2025-09-08,56
13,2025-09-08,151
27,2025-09-08,94
10,2025-09-08,129
2,2025-09-08,170
4,2025-09-08,133
23,2025-09-08,116
1,2025-09-08,99
17,2025-09-08,90
9,2025-09-08,66
28,2025-09-08,67
26,2025-09-08,98
16,2025-09-08,79
11,2025-09-08,92
3,2025-09-08,75
25,2025-09-08,81
24,2025-09-08,140
22,2025-09-08,138
7,2025-09-08,81
7,2025-09-15,95
27,2025-09-15,122
15,2025-09-15,90
20,2025-09-15,116
8,2025-09-15,74
9,2025-09-15,65
18,2025-09-15,65
5,2025-09-15,49
25,2025-09-15,90
10,2025-09-15,107
6,2025-09-15,153
3,2025-09-15,85
16,2025-09-15,108
1,2025-09-15,102
17,2025-09-15,86
28,2025-09-15,83
11,2025-09-15,115
22,2025-09-15,122
4,2025-09-15,129
26,2025-09-15,127
12,2025-09-15,75
14,2025-09-15,85
19,2025-09-15,71
13,2025-09-15,128
24,2025-09-15,129
9,2025-09-22,51
6,2025-09-22,123
5,2025-09-22,74
19,2025-09-22,68
21,2025-09-22,87
8,2025-09-22,54
25,2025-09-22,110
2,2025-09-22,127
27,2025-09-22,115
18,2025-09-22,58
13,2025-09-22,164
15,2025-09-22,87
12,2025-09-22,69
14,2025-09-22,111
7,2025-09-22,74
22,2025-09-22,121
4,2025-09-22,119
20,2025-09-22,105
24,2025-09-22,134
11,2025-09-22,74
28,2025-09-22,70
23,2025-09-22,98
17,2025-09-22,79
1,2025-09-22,117
16,2025-09-22,91
3,2025-09-22,89
26,2025-09-29,117
19,2025-09-29,68
16,2025-09-29,96
2,2025-09-29,123
18,2025-09-29,62
17,2025-09-29,70
7,2025-09-29,95
20,2025-09-29,108
25,2025-09-29,91
8,2025-09-29,79
14,2025-09-29,93
23,2025-09-29,103
10,2025-09-29,99
3,2025-09-29,100
1,2025-09-29,92
28,2025-09-29,58
24,2025-09-29,179
5,2025-09-29,77
4,2025-09-29,124
12,2025-09-29,78
6,2025-09-29,162
13,2025-09-29,112
9,2025-09-29,55
21,2025-09-29,107
24,2025-10-06,128
18,2025-10-06,57
6,2025-10-06,125
8,2025-10-06,77
7,2025-10-06,83
22,2025-10-06,89
12,2025-10-06,69
13,2025-10-06,135
1,2025-10-06,84
3,2025-10-06,77
19,2025-10-06,66
4,2025-10-06,116
28,2025-10-06,64
11,2025-10-06,110
10,2025-10-06,137
23,2025-10-06,97
15,2025-10-06,88
17,2025-10-06,68
14,2025-10-06,93
2,2025-10-06,142
21,2025-10-06,84
26,2025-10-06,114
25,2025-10-06,79
5,2025-10-06,60
20,2025-10-06,104
9,2025-10-06,53
24,2025-10-13,101
13,2025-10-13,151
17,2025-10-13,92
6,2025-10-13,169
28,2025-10-13,69
22,2025-10-13,110
8,2025-10-13,78
11,2025-10-13,96
21,2025-10-13,72
27,2025-10-13,100
4,2025-10-13,90
9,2025-10-13,56
2,2025-10-13,140
16,2025-10-13,103
3,2025-10-13,68
18,2025-10-13,59
26,2025-10-13,130
25,2025-10-13,70
20,2025-10-13,106
10,2025-10-13,124
7,2025-10-13,98
25,2025-10-20,76
8,2025-10-20,74
22,2025-10-20,116
2,2025-10-20,126
5,2025-10-20,69
9,2025-10-20,62
6,2025-10-20,127
12,2025-10-20,74
13,2025-10-20,157
26,2025-10-20,102
14,2025-10-20,125
20,2025-10-20,92
1,2025-10-20,113
18,2025-10-20,52
28,2025-10-20,57
10,2025-10-20,142
24,2025-10-20,101
11,2025-10-20,121
17,2025-10-20,81
4,2025-10-20,116
15,2025-10-20,90
27,2025-10-27,116
8,2025-10-27,72
7,2025-10-27,83
4,2025-10-27,117
14,2025-10-27,144
19,2025-10-27,63
2,2025-10-27,111
15,2025-10-27,112
26,2025-10-27,120
13,2025-10-27,138
22,2025-10-27,97
10,2025-10-27,128
24,2025-10-27,99
3,2025-10-27,63
23,2025-10-27,88
1,2025-10-27,118
28,2025-10-27,76
5,2025-10-27,59
11,2025-10-27,109
12,2025-10-27,61
9,2025-10-27,46
25,2025-10-27,78
28,2025-11-03,84
19,2025-11-03,79
1,2025-11-03,82
11,2025-11-03,139
4,2025-11-03,74
2,2025-11-03,125
17,2025-11-03,82
18,2025-11-03,65
7,2025-11-03,99
23,2025-11-03,90
20,2025-11-03,86
25,2025-11-03,84
15,2025-11-03,116
16,2025-11-03,114
26,2025-11-03,126
9,2025-11-03,62
10,2025-11-03,124
14,2025-11-03,142
3,2025-11-03,58
8,2025-11-03,89
22,2025-11-03,95
12,2025-11-03,71
6,2025-11-03,133
27,2025-11-03,127
21,2025-11-03,76
13,2025-11-03,162
10,2025-11-10,110
18,2025-11-10,69
27,2025-11-10,110
23,2025-11-10,95
20,2025-11-10,81
14,2025-11-10,146
2,2025-11-10,115
15,2025-11-10,91
6,2025-11-10,136
16,2025-11-10,130
26,2025-11-10,137
9,2025-11-10,65
17,2025-11-10,84
3,2025-11-10,67
25,2025-11-10,96
5,2025-11-10,60
7,2025-11-10,78
28,2025-11-10,72
22,2025-11-10,99
19,2025-11-10,72
1,2025-11-10,79
4,2025-11-10,87
24,2025-11-10,126
21,2025-11-10,78
11,2025-11-10,121
12,2025-11-10,96
6,2025-11-17,162
5,2025-11-17,43
2,2025-11-17,118
26,2025-11-17,125
15,2025-11-17,106
9,2025-11-17,66
4,2025-11-17,103
14,2025-11-17,141
16,2025-11-17,151
24,2025-11-17,104
22,2025-11-17,105
10,2025-11-17,151
25,2025-11-17,111
23,2025-11-17,78
19,2025-11-17,88
20,2025-11-17,75
28,2025-11-17,79
13,2025-11-17,170
21,2025-11-17,75
1,2025-11-17,76
11,2025-11-17,122
27,2025-11-17,119
17,2025-11-17,95
12,2025-11-17,84
26,2025-11-24,145
28,2025-11-24,69
27,2025-11-24,123
14,2025-11-24,167
8,2025-11-24,78
11,2025-11-24,90
16,2025-11-24,138
4,2025-11-24,97
1,2025-11-24,88
7,2025-11-24,82
21,2025-11-24,66
2,2025-11-24,120
24,2025-11-24,111
5,2025-11-24,47
12,2025-11-24,83
22,2025-11-24,99
18,2025-11-24,75
17,2025-11-24,110
20,2025-11-24,98
6,2025-11-24,160
9,2025-11-24,61
15,2025-11-24,140
23,2025-11-24,94
3,2025-11-24,71
11,2025-12-01,120
7,2025-12-01,105
26,2025-12-01,157
5,2025-12-01,57
17,2025-12-01,119
23,2025-12-01,116
25,2025-12-01,80
12,2025-12-01,108
16,2025-12-01,105
20,2025-12-01,86
2,2025-12-01,107
19,2025-12-01,74
13,2025-12-01,164
24,2025-12-01,139
9,2025-12-01,58
8,2025-12-01,67
14,2025-12-01,157
1,2025-12-01,76
4,2025-12-01,82
21,2025-12-01,67
27,2025-12-01,130
10,2025-12-01,159
3,2025-12-01,65
28,2025-12-01,87
27,2025-12-08,158
6,2025-12-08,146
9,2025-12-08,65
8,2025-12-08,88
22,2025-12-08,120
11,2025-12-08,117
21,2025-12-08,81
7,2025-12-08,111
10,2025-12-08,144
19,2025-12-08,97
2,2025-12-08,86
28,2025-12-08,87
20,2025-12-08,97
1,2025-12-08,79
3,2025-12-08,72
15,2025-12-08,144
14,2025-12-08,168
24,2025-12-08,115
4,2025-12-08,107
25,2025-12-08,96
26,2025-12-08,122
16,2025-12-08,140
5,2025-12-08,52
13,2025-12-08,173
23,2025-12-08,116
12,2025-12-08,110
11,2025-12-15,154
17,2025-12-15,105
1,2025-12-15,76
12,2025-12-15,116
8,2025-12-15,78
24,2025-12-15,128
19,2025-12-15,93
15,2025-12-15,140
6,2025-12-15,193
3,2025-12-15,53
23,2025-12-15,106
27,2025-12-15,114
20,2025-12-15,98
22,2025-12-15,101
21,2025-12-15,78
4,2025-12-15,86
14,2025-12-15,153
13,2025-12-15,183
10,2025-12-15,137
2,2025-12-15,107
28,2025-12-15,69
18,2025-12-15,74
25,2025-12-15,97
5,2025-12-15,50
26,2025-12-15,145
7,2025-12-15,109
12,2025-12-22,103
16,2025-12-22,143
11,2025-12-22,148
13,2025-12-22,186
9,2025-12-22,67
28,2025-12-22,81
17,2025-12-22,85
26,2025-12-22,136
18,2025-12-22,71
1,2025-12-22,62
14,2025-12-22,132
19,2025-12-22,72
20,2025-12-22,99
4,2025-12-22,81
24,2025-12-22,136
5,2025-12-22,48
21,2025-12-22,77
8,2025-12-22,91
7,2025-12-22,109
22,2025-12-22,110
2,2025-12-22,92
27,2025-12-22,142
3,2025-12-22,58
25,2025-12-22,109
23,2025-12-22,112
6,2025-12-22,237
11,2025-12-29,157
22,2025-12-29,114
10,2025-12-29,136
2,2025-12-29,91
7,2025-12-29,98
1,2025-12-29,68
23,2025-12-29,100
4,2025-12-29,93
5,2025-12-29,45
24,2025-12-29,119
26,2025-12-29,141
20,2025-12-29,92
21,2025-12-29,79
25,2025-12-29,99
3,2025-12-29,65
27,2025-12-29,134
9,2025-12-29,78
17,2025-12-29,133
16,2025-12-29,128
15,2025-12-29,117
8,2025-12-29,78
28,2025-12-29,58
14,2025-12-29,118
12,2025-12-29,108
5,2026-01-05,46
4,2026-01-05,66
25,2026-01-05,80
23,2026-01-05,86
1,2026-01-05,81
6,2026-01-05,165
12,2026-01-05,87
16,2026-01-05,141
26,2026-01-05,88
22,2026-01-05,82
14,2026-01-05,117
20,2026-01-05,97
27,2026-01-05,79
15,2026-01-05,125
17,2026-01-05,94
9,2026-01-05,57
21,2026-01-05,61
8,2026-01-05,89
18,2026-01-05,60
3,2026-01-05,51
7,2026-01-05,108
13,2026-01-05,200
2,2026-01-05,95
24,2026-01-05,95
15,2026-01-12,111
3,2026-01-12,65
1,2026-01-12,60
12,2026-01-12,79
24,2026-01-12,92
26,2026-01-12,131
2,2026-01-12,111
13,2026-01-12,158
5,2026-01-12,50
4,2026-01-12,82
28,2026-01-12,52
20,2026-01-12,83
8,2026-01-12,76
27,2026-01-12,101
19,2026-01-12,81
9,2026-01-12,63
21,2026-01-12,83
10,2026-01-12,95
18,2026-01-12,49
25,2026-01-12,65
7,2026-01-12,93
6,2026-01-12,166
16,2026-01-12,117
17,2026-01-12,98
22,2026-01-12,91
14,2026-01-12,139
12,2026-01-19,76
4,2026-01-19,77
8,2026-01-19,80
5,2026-01-19,45
6,2026-01-19,143
11,2026-01-19,104
9,2026-01-19,66
1,2026-01-19,70
7,2026-01-19,91
3,2026-01-19,63
10,2026-01-19,99
27,2026-01-19,80
14,2026-01-19,151
2,2026-01-19,110
21,2026-01-19,72
23,2026-01-19,83
25,2026-01-19,48
20,2026-01-19,77
28,2026-01-19,53
24,2026-01-19,89
17,2026-01-19,111
18,2026-01-19,76
15,2026-01-19,104
19,2026-01-19,97
16,2026-01-19,127
22,2026-01-19,81
5,2026-01-26,48
21,2026-01-26,81
7,2026-01-26,90
26,2026-01-26,102
10,2026-01-26,110
4,2026-01-26,87
28,2026-01-26,57
25,2026-01-26,74
11,2026-01-26,112
12,2026-01-26,69
17,2026-01-26,110
23,2026-01-26,73
18,2026-01-26,65
14,2026-01-26,136
19,2026-01-26,78
8,2026-01-26,86
13,2026-01-26,176
2,2026-01-26,112
9,2026-01-26,72
22,2026-01-26,101
24,2026-01-26,113
3,2026-01-26,67
20,2026-01-26,87
27,2026-01-26,71
9,2026-02-02,54
21,2026-02-02,78
28,2026-02-02,62
8,2026-02-02,74
27,2026-02-02,93
17,2026-02-02,97
18,2026-02-02,50
11,2026-02-02,101
6,2026-02-02,156
19,2026-02-02,84
7,2026-02-02,87
1,2026-02-02,80
20,2026-02-02,86
25,2026-02-02,68
23,2026-02-02,87
2,2026-02-02,97
13,2026-02-02,160
15,2026-02-02,105
5,2026-02-02,59
16,2026-02-02,124
3,2026-02-02,50
22,2026-02-02,93
12,2026-02-02,77
13,2026-02-09,172
18,2026-02-09,60
1,2026-02-09,69
3,2026-02-09,53
20,2026-02-09,102
24,2026-02-09,93
15,2026-02-09,90
8,2026-02-09,70
14,2026-02-09,120
23,2026-02-09,74
4,2026-02-09,92
19,2026-02-09,68
7,2026-02-09,86
25,2026-02-09,58
22,2026-02-09,96
28,2026-02-09,62
12,2026-02-09,60
21,2026-02-09,66
6,2026-02-09,182
26,2026-02-09,106
10,2026-02-09,117
11,2026-02-09,85
17,2026-02-09,75
4,2026-02-16,77
2,2026-02-16,115
22,2026-02-16,84
24,2026-02-16,78
3,2026-02-16,57
6,2026-02-16,148
20,2026-02-16,74
23,2026-02-16,87
21,2026-02-16,61
27,2026-02-16,91
28,2026-02-16,71
25,2026-02-16,58
5,2026-02-16,52
8,2026-02-16,68
14,2026-02-16,129
10,2026-02-16,101
26,2026-02-16,120
12,2026-02-16,66
16,2026-02-16,132
13,2026-02-16,190
9,2026-02-16,58
17,2026-02-16,91
11,2026-02-16,87
1,2026-02-16,72
15,2026-02-16,101
11,2026-02-23,76
7,2026-02-23,89
15,2026-02-23,87
21,2026-02-23,75
22,2026-02-23,93
28,2026-02-23,54
4,2026-02-23,86
1,2026-02-23,78
26,2026-02-23,112
24,2026-02-23,92
20,2026-02-23,92
12,2026-02-23,55
3,2026-02-23,59
17,2026-02-23,89
18,2026-02-23,61
16,2026-02-23,111
5,2026-02-23,44
23,2026-02-23,71
19,2026-02-23,81
27,2026-02-23,95
6,2026-02-23,156
9,2026-02-23,57
13,2026-02-23,166
8,2026-02-23,67
2,2026-02-23,111
10,2026-02-23,118
14,2026-02-23,118
25,2026-02-23,78
21,2026-03-02,83
17,2026-03-02,97
25,2026-03-02,71
11,2026-03-02,104
6,2026-03-02,145
7,2026-03-02,81
13,2026-03-02,130
8,2026-03-02,60
3,2026-03-02,74
18,2026-03-02,67
19,2026-03-02,64
23,2026-03-02,78
9,2026-03-02,48
10,2026-03-02,100
26,2026-03-02,136
22,2026-03-02,98
1,2026-03-02,71
20,2026-03-02,108
4,2026-03-02,103
15,2026-03-02,77
12,2026-03-02,70
2,2026-03-02,129
28,2026-03-09,51
23,2026-03-09,84
4,2026-03-09,98
3,2026-03-09,69
12,2026-03-09,78
5,2026-03-09,47
25,2026-03-09,80
26,2026-03-09,96
16,2026-03-09,96
15,2026-03-09,116
20,2026-03-09,104
22,2026-03-09,105
2,2026-03-09,103
9,2026-03-09,50
7,2026-03-09,89
10,2026-03-09,115
24,2026-03-09,82
17,2026-03-09,81
19,2026-03-09,76
18,2026-03-09,63
14,2026-03-09,106
6,2026-03-09,119
13,2026-03-09,150
11,2026-03-09,98
8,2026-03-09,61
21,2026-03-09,83
27,2026-03-09,82
3,2026-03-16,60
23,2026-03-16,70
28,2026-03-16,60
19,2026-03-16,54
14,2026-03-16,112
9,2026-03-16,40
15,2026-03-16,102
8,2026-03-16,77
5,2026-03-16,63
27,2026-03-16,117
20,2026-03-16,89
1,2026-03-16,76
24,2026-03-16,93
7,2026-03-16,88
17,2026-03-16,71
25,2026-03-16,67
21,2026-03-16,82
22,2026-03-16,104
11,2026-03-16,110
16,2026-03-16,91
26,2026-03-16,113
12,2026-03-16,65
28,2026-03-23,47
2,2026-03-23,124
14,2026-03-23,110
8,2026-03-23,76
3,2026-03-23,59
18,2026-03-23,70
19,2026-03-23,78
9,2026-03-23,54
27,2026-03-23,112
20,2026-03-23,101
17,2026-03-23,72
7,2026-03-23,84
10,2026-03-23,111
21,2026-03-23,66
11,2026-03-23,86
25,2026-03-23,50
4,2026-03-23,87
26,2026-03-23,127
15,2026-03-23,93
13,2026-03-23,112
24,2026-03-23,73
1,2026-03-30,63
12,2026-03-30,70
3,2026-03-30,62
23,2026-03-30,69
22,2026-03-30,101
21,2026-03-30,81
19,2026-03-30,60
18,2026-03-30,66
16,2026-03-30,106
15,2026-03-30,92
13,2026-03-30,126
9,2026-03-30,52
28,2026-03-30,65
6,2026-03-30,127
4,2026-03-30,94
5,2026-03-30,56
27,2026-03-30,89
23,2026-04-06,95
3,2026-04-06,72
25,2026-04-06,74
22,2026-04-06,129
21,2026-04-06,79
4,2026-04-06,89
20,2026-04-06,109
19,2026-04-06,56
18,2026-04-06,57
5,2026-04-06,63
16,2026-04-06,113
8,2026-04-06,71
15,2026-04-06,87
1,2026-04-06,108
14,2026-04-06,96
2,2026-04-06,120
13,2026-04-06,127
6,2026-04-06,121
12,2026-04-06,69
24,2026-04-06,101
11,2026-04-06,119
10,2026-04-06,140
9,2026-04-06,53
7,2026-04-06,74
26,2026-04-06,131
28,2026-04-06,77
